Name,No Race,Native American (self reported),East Asian,African or Af-Am Self Reported,Hispanic,White Self Reported,Other Undefined Race
,7685,22,940,1299,1157,631,466
Keun,1,0,0,0,0,0,0
Jeriquez,1,0,0,0,0,0,0
Leal,1,0,0,0,0,0,0
Hinojosa,1,0,0,0,0,0,0
Alhalid,1,0,0,0,0,0,0
Nay Aye,1,0,0,0,0,0,0
Encarnacion,1,0,0,0,0,0,0
Bailey,5,0,0,0,0,0,0
Deivany,1,0,0,0,0,0,0
Andreal,1,0,0,0,0,0,0
Val-Denise,1,0,0,0,0,0,0
Komong,1,0,0,0,0,0,0
Autanette,0,0,0,1,0,0,0
Latieriecka,0,0,0,1,0,0,0
Jemiah,1,0,0,0,0,0,0
Casey,2,0,0,0,0,2,0
Da Cruz,1,0,0,0,0,0,0
Ashante-Devon,1,0,0,0,0,0,0
Ayodejr,1,0,0,0,0,0,0
Tsane,1,0,0,0,0,0,0
Kynyarda,1,0,0,0,0,0,0
Sehrize,0,0,0,1,0,0,0
Jhahiem Armani,1,0,0,0,0,0,0
Daughtry,1,0,0,0,0,0,0
Promesse,1,0,0,0,0,0,0
Shacoy,1,0,0,0,0,0,0
Nmachi,0,0,0,1,0,0,0
Vinnie,1,0,0,0,0,0,0
Le'Frances,1,0,0,0,0,0,0
Chi'Armani Charif,1,0,0,0,0,0,0
Romoddee,1,0,0,0,0,0,0
Romanovski,1,0,0,0,0,0,0
Shaileshlal,1,0,0,0,0,0,0
Arfilio,1,0,0,0,0,0,0
Gu,1,0,0,0,0,0,0
Jahquan-Zaire,1,0,0,0,0,0,0
Tyayajia,1,0,0,0,0,0,0
Tamea-Rose,1,0,0,0,0,0,0
Payne,1,0,0,0,0,0,0
Tatiyana-Renay,1,0,0,0,0,0,0
Aleveia,0,0,0,1,0,0,0
Mallik,1,0,0,0,0,0,0
McCorley,1,0,0,0,0,0,0
Tanajh,1,0,0,0,0,0,0
Wolguina,1,0,0,0,0,0,0
Bacot,1,0,0,0,0,0,0
Nazeriah,1,0,0,0,0,0,0
Pande,0,0,0,0,0,0,1
Chanaysia,1,0,0,0,0,0,0
Meontare,1,0,0,0,0,0,0
Jing,2,0,0,0,0,0,0
Azahne,1,0,0,0,0,0,0
Chime'Re,0,0,0,1,0,0,0
Kealameakaikamahineo,1,0,0,0,0,0,0
Shawnfezia,0,0,0,1,0,0,0
Dshi,0,0,0,1,0,0,0
Nykoal,0,0,0,1,0,0,0
Ahred,1,0,0,0,0,0,0
Edds,1,0,0,0,0,0,0
Wafisat,1,0,0,0,0,0,0
Jabriel-Leland,1,0,0,0,0,0,0
Saydoyevna,1,0,0,0,0,0,0
Enos-Evans,0,0,0,0,0,1,0
Marcae,1,0,0,0,0,0,0
Recibe,1,0,0,0,0,0,0
Samulee,1,0,0,0,0,0,0
Mous Twadrous,1,0,0,0,0,0,0
Jojany,0,0,0,0,1,0,0
Brieasia,1,0,0,0,0,0,0
Isuma,0,0,0,0,1,0,0
Requele,0,0,0,1,0,0,0
Katrina-Marie,1,0,0,0,0,0,0
Sabianny,1,0,0,0,0,0,0
Etteirrah,1,0,0,0,0,0,0
Shantez,1,0,0,0,0,0,0
Eliplimi,1,0,0,0,0,0,0
MacKinzie,0,0,0,0,0,1,0
Dyaus,1,0,0,0,0,0,0
Leemontrell,0,0,0,1,0,0,0
Elinius,0,0,0,1,0,0,0
Tuiasoa,0,0,1,0,0,0,0
Inanya Lar'Hys,1,0,0,0,0,0,0
Shea,9,0,0,0,0,4,0
Shen,1,0,0,0,0,0,0
Tere'K,1,0,0,0,0,0,0
Demuntay,1,0,0,0,0,0,0
Xian,0,0,2,0,0,0,0
Khanh,5,0,1,0,0,0,0
Fhansunette,1,0,0,0,0,0,0
Entrell,1,0,0,0,0,0,0
Pylese,0,0,0,1,0,0,0
Deshan,1,0,0,2,0,0,0
Dia'Chae,0,0,0,1,0,0,0
Stocheneila,1,0,0,0,0,0,0
Lobetos,1,0,0,0,0,0,0
Three,1,0,0,0,0,0,0
Hsiang,2,0,0,0,0,0,0
Antonise,0,0,0,1,0,0,0
Jahblessah,1,0,0,0,0,0,0
Boon,1,0,0,0,0,0,0
Pierrie,0,0,0,1,0,0,0
Lagonsin,1,0,0,0,0,0,0
Shai Heem,0,0,0,1,0,0,0
Leshay,3,0,0,0,0,0,0
Gelongo,1,0,0,0,0,0,0
Tlijah,1,0,0,0,0,0,0
G Hoerner,1,0,0,0,0,0,0
Jung,5,0,2,0,0,0,0
Shamari,0,0,0,1,0,0,0
Byungjin,1,0,0,0,0,0,0
Kuzcah,0,0,0,1,0,0,0
Nirmal,1,0,0,0,0,0,0
Nai,0,0,1,0,0,0,0
Cosep,1,0,0,0,0,0,0
Fayln,1,0,0,0,0,0,0
Kameron,1,0,0,0,0,0,0
V,39,0,10,8,11,4,6
Ossie,1,0,0,0,0,0,0
Rama,1,0,0,0,0,0,0
Lawandalynn,1,0,0,0,0,0,0
Namwan,0,0,0,0,0,0,1
Dezhuana,1,0,0,0,0,0,0
Rosnya,1,0,0,0,0,0,0
Daniyel,1,0,0,0,0,0,0
Amiral,1,0,0,0,0,0,0
Sien,0,0,1,0,0,0,0
Le,8,0,3,0,0,0,1
Vanalong,1,0,0,0,0,0,0
Lim,1,0,0,0,0,0,0
Lin,0,0,2,0,0,1,1
Roshan,1,0,0,0,0,0,0
E A,1,0,0,0,0,0,0
Lw,0,0,0,1,0,0,0
Naviese,1,0,0,0,0,0,0
Sary,1,0,0,0,0,0,0
Voncecia,1,0,0,0,0,0,0
Trakwah,1,0,0,0,0,0,0
E S,1,0,0,0,0,0,0
Ly,1,0,0,0,0,0,1
Dele,1,0,0,0,0,0,0
Raeshawn,2,0,0,0,0,0,0
Jacheue,1,0,0,0,0,0,0
Damonyeh,0,0,0,1,0,0,0
Disaante,1,0,0,0,0,0,0
Kaywan,1,0,0,0,0,0,0
Mullins,1,0,0,0,0,0,0
A,254,2,10,106,52,47,34
Marsell,0,0,0,1,0,0,0
Kelwan,0,0,0,1,0,0,0
Nanziri,1,0,0,0,0,0,0
Pedrova,0,0,1,0,0,0,0
Gragie,0,0,0,1,0,0,0
Reneh,1,0,0,0,0,0,0
Iireca,1,0,0,0,0,0,0
Pa'Quar,0,0,0,1,0,0,0
Lasall,1,0,0,0,0,0,0
Celess,1,0,0,0,0,0,0
Mohmmednur,1,0,0,0,0,0,0
Mapangada,1,0,0,0,0,0,0
Gragis,1,0,0,0,0,0,0
Monal,0,1,0,0,0,0,0
Cardona,0,0,1,0,0,0,0
Saguilan,1,0,0,0,0,0,0
Ben'Karia,0,0,0,1,0,0,0
Chaidarun,1,0,0,0,0,0,0
Mykerriah,0,0,0,1,0,0,0
Baob,1,0,0,0,0,0,0
Linkay,1,0,0,0,0,0,0
Ybanez,0,0,0,0,0,1,0
Tunoa,0,0,1,0,0,0,0
Lenars,1,0,0,0,0,0,0
Ibn-Nazimool,1,0,0,0,0,0,0
Khamyl,1,0,0,0,0,0,0
Caricerano,1,0,0,0,0,0,0
Blue,5,0,0,0,0,0,0
Taj'Amir,1,0,0,0,0,0,0
Raequelle,1,0,0,0,0,0,0
Brook,11,0,0,0,0,1,0
Kyxana,1,0,0,0,0,0,0
Toli,1,0,0,0,0,0,0
Thulasi,1,0,0,0,0,0,0
Demonyah,1,0,0,0,0,0,0
Rashawan,0,0,0,1,0,0,0
Devonsce,0,0,0,1,0,0,0
Lagarrik,1,0,0,0,0,0,0
Laterrel,0,0,0,1,0,0,0
Blanco,0,0,0,0,1,0,0
Natal,1,0,0,0,0,0,0
Nytwon,0,0,0,1,0,0,0
Oluwanifemi,1,0,0,0,0,0,0
Masangkay,0,0,1,0,0,0,0
Kozaun,0,0,0,1,0,0,0
Oshea,1,0,0,0,0,0,0
Llise,1,0,0,0,0,0,0
Mishka,0,0,0,1,0,0,0
Dhan,0,0,0,0,0,0,1
Matrinos,0,0,0,1,0,0,0
Idrissa,1,0,0,0,0,0,0
Sysongdeth,1,0,0,0,0,0,0
Hallares,0,0,1,0,0,0,0
Jannells,1,0,0,0,0,0,0
Jiboleje,1,0,0,0,0,0,0
Adrez,1,0,0,0,0,0,0
Stinney,1,0,0,0,0,0,0
Dayshawn,1,0,0,0,0,0,0
Marqui,0,0,0,1,0,0,0
Tyeshania,1,0,0,0,0,0,0
Huynh,2,0,2,0,0,0,0
Shamon,1,0,0,3,0,0,0
Won,4,0,1,0,0,0,0
Ja'Lyn,0,0,0,1,0,0,0
Clintas,0,0,0,1,0,0,0
Verdillo,0,0,1,0,0,0,0
Raqavius,1,0,0,0,0,0,0
De'Angle,0,0,0,1,0,0,0
Aubrey,1,0,0,0,0,1,0
Ranique,1,0,0,0,0,0,0
H A,1,0,1,0,0,0,0
Kamlesh,0,0,1,0,0,0,0
Ozeona,1,0,0,0,0,0,0
Zucurra,1,0,0,0,0,0,0
Mothanakamolvit,1,0,0,0,0,0,0
Elijuwhan,1,0,0,0,0,0,0
Choondapurakkal,1,0,0,0,0,0,0
Vonnyelle,1,0,0,0,0,0,0
Okeefe,1,0,0,0,0,0,0
Shyteza,0,0,0,1,0,0,0
W,23,2,4,11,1,11,2
O'Brian,0,0,0,0,0,0,1
Emeail,1,0,0,0,0,0,0
Rosenberg,0,0,0,0,0,0,1
Denel,1,0,0,0,0,0,0
Kanwal,1,0,0,0,0,0,0
Kaimil,0,0,0,1,0,0,0
Chan,2,0,1,0,0,0,0
Chao,1,0,0,0,0,0,0
Cham,1,0,0,0,0,0,0
Sounakhen,1,0,0,0,0,0,0
Kazsimir,1,0,0,0,0,0,0
Bridges,1,0,0,0,0,0,0
Kyin,1,0,0,0,0,0,0
Shabeontae,1,0,0,0,0,0,0
Swe,1,0,0,0,0,0,0
Courtex,1,0,0,0,0,0,0
Bliss,1,0,0,0,0,0,0
Nnabueze,0,0,0,1,0,0,0
Nkunku,0,0,0,1,0,0,0
Earsheli,0,0,0,1,0,0,0
Erykah-Shayleanne,1,0,0,0,0,0,0
Monkaylan,1,0,0,0,0,0,0
Cheynne Chaney,0,0,0,1,0,0,0
Manga,0,0,0,1,0,0,0
Linero,1,0,0,0,0,0,0
Barrie,0,0,0,0,0,0,1
Villegas,1,0,0,0,0,0,0
Kioko,0,0,0,1,0,0,0
B,77,0,9,18,7,13,9
Jameshill,1,0,0,0,0,0,0
Tu T,1,0,0,0,0,0,0
Ghaun,1,0,0,0,0,0,0
Mykhele,1,0,0,0,0,0,0
Badsin,1,0,0,0,0,0,0
Leekiyah,1,0,0,0,0,0,0
Jikkel,1,0,0,0,0,0,0
Trion,1,0,0,0,0,0,0
Puali,1,0,0,0,0,0,0
Matema,1,0,0,0,0,0,0
Shoundel,1,0,0,0,0,0,0
Gebremeskd,1,0,0,0,0,0,0
Thuy-Ninh,1,0,0,0,0,0,0
Vargas,0,0,0,0,1,0,0
L-Rasheed,1,0,0,0,0,0,0
J'Rena,0,0,0,1,0,0,0
Hei,1,0,0,0,0,0,0
Antra'Nique,0,0,0,1,0,0,0
Thi Tu,0,0,1,0,0,0,0
Vi,0,0,0,0,0,0,1
Trinidad,1,0,0,0,0,0,0
Lay'Quon,1,0,0,0,0,0,0
Avion,1,0,0,0,0,0,0
Ly'Najji,1,0,0,0,0,0,0
Royshaan,1,0,0,0,0,0,0
Siddaungaswamy,0,0,1,0,0,0,0
Deiondre,0,0,0,1,0,0,0
Chapel,1,0,0,0,0,0,0
Antyonne,1,0,0,0,0,0,0
Kierea,0,0,0,1,0,0,0
Demetic,1,0,0,0,0,0,0
Ocollins,1,0,0,0,0,0,0
Mai-Dell,1,0,0,0,0,0,0
Udaya,0,0,1,0,0,0,0
Jyanae,1,0,0,0,0,0,0
Gombino,1,0,0,0,0,0,0
Amory,1,0,0,0,0,0,0
Lochalle,1,0,0,0,0,0,0
Keshawn,1,0,0,0,0,0,0
Jaqarus,1,0,0,0,0,0,0
Devon,28,1,0,5,0,1,1
Bayles,0,0,0,1,0,0,0
Vithalbhui,1,0,0,0,0,0,0
Ase,1,0,0,0,0,0,0
Tajihee,1,0,0,0,0,0,0
Shole,1,0,0,0,0,0,0
Wise,0,0,0,0,0,1,0
Deshawn,10,0,0,5,0,0,0
Omarquai,0,0,0,1,0,0,0
Da'Nysher,1,0,0,0,0,0,0
Halasan,1,0,0,0,0,0,0
Preet,1,0,0,0,0,0,0
Tjani,0,0,0,1,0,0,0
Qi,2,0,0,0,0,0,0
Raisoel,1,0,0,0,0,0,0
MacKonon,0,0,0,1,0,0,0
Ki'Mauri,1,0,0,0,0,0,0
Mejia,0,0,0,0,1,0,0
Wang,2,0,0,0,0,0,0
Dashauh,1,0,0,0,0,0,0
Embakom,1,0,0,0,0,0,0
Tyrese,2,0,0,4,0,0,1
Hinano,1,0,0,0,0,0,0
Lasnae,0,0,0,1,0,0,0
Srikautarak,0,0,1,0,0,0,0
Lucron,1,0,0,0,0,0,0
Aungeltque,1,0,0,0,0,0,0
Zayne,1,0,0,0,0,0,0
Lemarche,0,0,0,1,0,0,0
Shaitaijion,1,0,0,0,0,0,0
Ja'Trena,0,0,0,1,0,0,0
Naseem,2,0,0,0,0,0,0
Kiev,0,0,0,1,0,0,0
Carey,1,0,0,0,0,0,0
Jacobson,1,0,0,0,0,0,0
Tacolbici,1,0,0,0,0,0,0
Larouche,1,0,0,0,0,0,0
Tornz,1,0,0,0,0,0,0
Jala,1,0,0,0,0,0,0
Lasean,0,0,0,1,0,0,0
Vicuna,1,0,0,0,0,0,0
Chame'C,0,0,0,1,0,0,0
Navjzea,1,0,0,0,0,0,0
Jarquail,0,0,0,1,0,0,0
Paej,1,0,0,0,0,0,0
Kiyan,0,0,0,1,0,0,0
Free,0,0,0,0,0,1,0
Tarianey,1,0,0,0,0,0,0
Pascua,2,0,0,0,0,0,0
Paes,0,0,0,0,1,0,0
Montroce,1,0,0,0,0,0,0
Nihay,1,0,0,0,0,0,0
Tateyona,1,0,0,0,0,0,0
Aleksandro,1,0,0,0,0,0,0
Al'Amir,0,0,0,1,0,0,0
Pui-Yui,0,0,1,0,0,0,0
Inique,1,0,0,0,0,0,0
Ky'Mec Wue'Viyan Mar,1,0,0,0,0,0,0
Da'Shonti,1,0,0,0,0,0,0
Rasawn,1,0,0,0,0,0,0
Shadel,1,0,0,0,0,0,0
Taliaka,1,0,0,0,0,0,0
X,4,0,3,0,0,1,0
McCkey,1,0,0,0,0,0,0
Lashodd,0,0,0,1,0,0,0
Che'Zryahka,1,0,0,0,0,0,0
Kuen,2,0,0,0,0,0,0
De'Jhone,0,0,0,1,0,0,0
Moore,1,0,0,2,0,2,1
Caprie,0,0,0,0,0,1,0
Kanlldl,0,0,0,0,1,0,0
Okalani,1,0,0,0,0,0,0
Semup,1,0,0,0,0,0,0
Emon,1,0,0,0,0,0,0
Rim,1,0,0,0,0,0,0
Shylek,1,0,0,0,0,0,0
Melan,1,0,0,0,0,0,0
Perez,0,0,1,0,1,0,0
Katharine-Ann,0,0,0,0,0,1,0
Delfvon,1,0,0,0,0,0,0
Al'Kayla La'Owetta,1,0,0,0,0,0,0
Swaphil,1,0,0,0,0,0,0
Tymil,1,0,0,0,0,0,0
Jepatrick,1,0,0,0,0,0,0
Mabresa,1,0,0,0,0,0,0
Sabron,1,0,0,0,0,0,0
Tangog,0,0,1,0,0,0,0
Deulphen,1,0,0,0,0,0,0
Nijetha,1,0,0,0,0,0,0
Sydney,1,0,0,1,0,1,0
Tarinao,1,0,0,0,0,0,0
Shaz'Vae,1,0,0,0,0,0,0
Culanculan,0,0,1,0,0,0,0
Imorie,1,0,0,0,0,0,0
Thilanka,1,0,0,0,0,0,0
Sunct,1,0,0,0,0,0,0
Holdoora,1,0,0,0,0,0,0
Lange,1,0,0,0,0,0,0
Gerbrian,0,0,0,1,0,0,0
Pagado,0,0,1,0,0,0,0
De Na,1,0,0,0,0,0,0
C,117,1,15,44,15,17,17
Guvelon,1,0,0,0,0,0,0
Norbertovna,1,0,0,0,0,0,0
Osiris,1,0,0,0,0,0,0
Jeesmis,0,0,0,1,0,0,0
Miyrahn,1,0,0,0,0,0,0
Sha-Fay,1,0,0,0,0,0,0
Nassek,1,0,0,0,0,0,0
Abhanti,1,0,0,0,0,0,0
Chalazion,1,0,0,0,0,0,0
Podesta,1,0,0,0,0,0,0
Adilade,1,0,0,0,0,0,0
Lakiah,0,0,0,1,0,0,0
Lynshea,1,0,0,0,0,0,0
Laike,1,0,0,0,0,0,0
I Atalanga,1,0,0,0,0,0,0
Rakiyia,1,0,0,0,0,0,0
Badato,1,0,0,0,0,0,0
Cassin,1,0,0,0,0,0,0
Zodac,1,0,0,0,0,0,0
Dokht,1,0,0,0,0,0,0
Coker,1,0,0,0,0,0,0
Amje,1,0,0,0,0,0,0
Layne,10,0,0,0,0,6,0
Funmike,1,0,0,0,0,0,0
Dejarez,0,0,0,0,1,0,0
Kalani,0,0,0,1,0,0,0
Abimbola,1,0,0,0,0,0,0
Devolnor,1,0,0,0,0,0,0
Kayleyn,1,0,0,0,0,0,0
Kassa,1,0,0,0,0,0,0
Hernandez,4,0,1,0,1,0,0
Donas,1,0,0,0,0,0,0
Duaqui,0,0,1,0,0,0,0
La'Va,1,0,0,0,0,0,0
Jarnc,1,0,0,0,0,0,0
Androhany,2,0,0,0,0,0,0
Tishas,1,0,0,0,0,0,0
Neshalynn,1,0,0,0,0,0,0
Deche,2,0,0,0,0,0,0
Moyhe,1,0,0,0,0,0,0
Rhian,1,0,0,0,0,0,0
Shawtayus,1,0,0,0,0,0,0
Osonny,1,0,0,0,0,0,0
Yang,2,0,1,0,0,0,0
L'Edward,0,0,0,1,0,0,0
Night,1,0,0,0,0,0,0
Nelje,0,0,0,1,0,0,0
Quntay,0,0,0,1,0,0,0
Cj,1,0,0,0,0,0,0
Ch,1,0,0,0,0,0,0
Delane,3,0,0,0,0,0,0
Taborite,1,0,0,0,0,0,0
Halili,1,0,0,0,0,0,0
Natwand,1,0,0,0,0,0,0
Natwane,0,0,0,1,0,0,0
Shermanc,1,0,0,0,0,0,0
Percedes,1,0,0,0,0,0,0
Elis,0,0,0,1,0,0,0
Khaly,1,0,0,0,0,0,0
Viyun,1,0,0,0,0,0,0
Mailalik,1,0,0,0,0,0,0
Jhordai,0,0,0,1,0,0,0
Tashaun,1,0,0,0,0,0,0
Vianney,1,0,0,0,0,0,0
Deshay,0,0,0,1,0,0,0
K'Ivory,1,0,0,0,0,0,0
Lehan,1,0,0,0,0,0,0
Nam,1,0,0,0,0,0,0
Elmal,1,0,0,0,0,0,0
Cha'Lett,1,0,0,0,0,0,0
Nay,1,0,0,0,0,0,0
Masrsha,0,0,0,1,0,0,0
Keeslaun,1,0,0,0,0,0,0
Sykeil,1,0,0,0,0,0,0
Zimmerman,0,0,0,0,0,1,0
Azalovich,1,0,0,0,0,0,0
Devincci,0,0,0,1,0,0,0
Kazmele,1,0,0,0,0,0,0
La'Neika,0,0,0,1,0,0,0
Thi Hong,2,0,1,0,0,0,0
Zhares,1,0,0,0,0,0,0
McAye,1,0,0,0,0,0,0
Quanatta,0,0,0,1,0,0,0
Den'Twan,1,0,0,0,0,0,0
Eduardovich,1,0,0,0,0,0,0
Tashon,1,0,0,0,0,0,0
Chantyell,0,0,0,1,0,0,0
Tanameerah,1,0,0,0,0,0,0
Meshann,0,0,0,1,0,0,0
Hollis,1,0,0,0,0,0,0
Lemay,1,0,0,0,0,0,0
Y,22,1,7,9,4,2,1
Jasreal,1,0,0,0,0,0,0
Myekevious,1,0,0,0,0,0,0
Ladatius,1,0,0,0,0,0,0
Va,0,0,1,0,0,0,0
Quanyque,1,0,0,0,0,0,0
Makalyah,1,0,0,0,0,0,0
Abuni,1,0,0,0,0,0,0
Ymani,1,0,0,0,0,0,0
Abrasado,0,0,1,0,0,0,0
Hauser,1,0,0,0,0,0,0
Ming,5,0,5,0,0,0,1
Vy,0,0,1,0,0,0,0
Crocton,0,0,0,0,0,0,1
Radricks,1,0,0,0,0,0,0
MacLane,0,0,0,0,1,0,0
Kugbeadgo,1,0,0,0,0,0,0
Thanh,12,0,10,0,0,0,0
Gwata,1,0,0,0,0,0,0
Acompanado,0,0,1,0,0,0,0
Habteslase,2,0,0,0,0,0,0
Sha'Kem,0,0,0,1,0,0,0
Xai,1,0,0,0,0,0,0
Mo'Nay,1,0,0,0,0,0,0
Yemi,1,0,0,0,0,0,0
La'Jay,1,0,0,0,0,0,0
Dmonshaye,0,0,0,1,0,0,0
Cherilis,1,0,0,0,0,0,0
Ankeeyla-Irene,1,0,0,0,0,0,0
Tarmell,1,0,0,0,0,0,0
Saingilus,1,0,0,0,0,0,0
Gao,1,0,0,0,0,0,0
Ja'Nyle,1,0,0,0,0,0,0
Debu,2,0,0,0,0,0,0
Demtris,0,0,0,1,0,0,0
Krishna,3,0,1,0,0,0,0
D,171,3,9,84,9,27,16
Alamu,0,0,0,1,0,0,0
Mor'Shay,0,0,0,1,0,0,0
Toshionna,1,0,0,0,0,0,0
Boarman,1,0,0,0,0,0,0
Rae'Phalen,1,0,0,0,0,0,0
Imaun,1,0,0,0,0,0,0
Joalmar,0,0,0,1,0,0,0
Alwyne,1,0,0,0,0,0,0
Lentrell,1,0,0,0,0,0,0
Jushuin,0,0,0,1,0,0,0
Deon'Dre,1,0,0,0,0,0,0
Daccus,1,0,0,0,0,0,0
Ara,2,0,0,0,0,0,0
Saforee,1,0,0,0,0,0,0
Salehizzat,1,0,0,0,0,0,0
Rayaart,0,0,0,1,0,0,0
Choniel,1,0,0,0,0,0,0
MacUgay,1,0,0,0,0,0,0
Leenorriss,1,0,0,0,0,0,0
Shaye,3,0,0,0,0,2,0
Ting,1,0,0,0,0,0,0
Lapoarsha,1,0,0,0,0,0,0
Puckett,1,0,0,0,0,0,0
Resean,1,0,0,0,0,0,0
Motakef,1,0,0,0,0,0,0
Chrishon-Terrell,1,0,0,0,0,0,0
Mmek,1,0,0,0,0,0,0
Yeong,1,0,0,0,0,0,0
Ankia,0,0,0,1,0,0,0
Tsuchijima,1,0,0,0,0,0,0
Naguit,1,0,0,0,0,0,0
Donqualis,1,0,0,0,0,0,0
Lamonteja Ellazia,1,0,0,0,0,0,0
Hualos,0,0,0,0,1,0,0
Rae-Dawn,1,0,0,0,0,0,0
Vanderhost,1,0,0,0,0,0,0
Hi,3,0,1,0,0,0,0
Sianee,0,0,0,1,0,0,0
McCann,1,0,0,0,0,0,0
Phomsane,1,0,0,0,0,0,0
Ha,2,0,1,0,0,0,0
Lamone,0,0,0,1,0,0,0
Remy,0,0,0,1,0,0,0
Weldeyohanny,0,0,0,1,0,0,0
Yamir,0,0,0,0,1,0,0
Jacquez-Antwan,1,0,0,0,0,0,0
Alix,1,0,0,0,1,0,0
A'Myabea,1,0,0,0,0,0,0
Kelly-Irene,1,0,0,0,0,0,0
Rhaayi,1,0,0,0,0,0,0
Gantt,1,0,0,0,0,0,0
Kiari-Kanton,1,0,0,0,0,0,0
Grae,1,0,0,0,0,1,0
Chuen,1,0,0,0,0,0,0
Bleu,1,0,0,0,0,0,0
Drewilton,1,0,0,0,0,0,0
StHerphine,1,0,0,0,0,0,0
Jakay,0,0,0,1,0,0,0
Temwa,0,1,0,0,0,0,0
Leshawn,1,0,0,0,0,0,0
Latrel,0,0,0,1,0,0,0
Kartram,0,0,1,0,0,0,0
Emessa,0,0,0,0,0,1,0
Napomaikaimiluna,1,0,0,0,0,0,0
Okebamical,0,0,0,1,0,0,0
Qnee,0,0,0,1,0,0,0
Mirthel,1,0,0,0,0,0,0
Gomez,2,0,0,0,1,0,0
Shawqual,1,0,0,0,0,0,0
U'Mar,0,0,0,1,0,0,0
Hong,8,0,2,0,0,0,0
Deaijhlon,1,0,0,0,0,0,0
Kulagnanam,1,0,0,0,0,0,0
Mykel,1,0,0,0,0,0,0
Niko,1,0,0,0,0,0,0
Tax-Shaun,1,0,0,0,0,0,0
Fei,0,0,0,0,0,0,1
Avain,0,0,0,1,0,0,0
Elanis,0,0,0,0,1,0,0
Emari,1,0,0,0,0,0,0
Yung,1,0,0,0,0,0,0
Brozha,1,0,0,0,0,0,0
Bernell,1,0,0,0,0,0,0
Kabon,1,0,0,0,0,0,0
Lisets,1,0,0,0,0,0,0
Bo'Net,1,0,0,0,0,0,0
Del-Pila,1,0,0,0,0,0,0
Estaris,1,0,0,0,0,0,0
Nduna,1,0,0,0,0,0,0
J'Kearian,0,0,0,1,0,0,0
Konvarji,1,0,0,0,0,0,0
Illyzzabythe,1,0,0,0,0,0,0
Qysigel,1,0,0,0,0,0,0
Azevedo,0,0,0,0,0,2,0
Xaysanavongphet,1,0,0,0,0,0,0
Andreyevich,0,0,0,0,0,1,0
Dyamere,0,0,0,1,0,0,0
Z,9,0,0,6,3,0,2
Ifaniya,0,0,0,1,0,0,0
Alezia-Shondrel,1,0,0,0,0,0,0
Eve-Larue,1,0,0,0,0,0,0
Bellamy,1,0,0,0,0,0,0
Tone,1,0,0,0,0,1,0
Lukusa,1,0,0,0,0,0,0
Da'Zhar,1,0,0,0,0,0,0
Shakeira-Nicole,0,0,0,0,0,0,1
Femi,1,0,0,0,0,0,0
U'Necius,0,0,0,1,0,0,0
Tenilan,0,0,0,1,0,0,0
Da'Joir,1,0,0,0,0,0,0
Gevon,1,0,0,0,0,0,0
Monlesha,1,0,0,0,0,0,0
Nikquan,1,0,0,0,0,0,0
Caguete,1,0,0,0,0,0,0
Leverne,1,0,0,0,0,0,0
Vonte,1,0,0,0,0,0,0
Peasia,1,0,0,0,0,0,0
Niniely,1,0,0,0,0,0,0
Myteiese,1,0,0,0,0,0,0
Kels,0,0,0,1,0,0,0
Ephifane'E,1,0,0,0,0,0,0
Mayes,2,0,0,0,0,0,0
Sin,1,0,0,0,0,0,0
Sim,1,0,0,0,0,0,0
Sil,1,0,1,0,0,0,0
Bakhtiyarovna,1,0,0,0,0,0,0
Trace,1,0,0,0,0,0,0
Mayo,2,0,0,0,0,0,0
Ashlin,1,0,0,0,0,0,0
Zambrano,1,0,0,0,0,0,0
D'Faith,0,0,0,1,0,0,0
Tierre,1,0,0,0,0,0,0
Rauan,1,0,0,0,0,0,0
Kei'Saun,1,0,0,0,0,0,0
Kwonshae,0,0,0,1,0,0,0
Coxe,0,0,0,0,0,1,0
Muthanna,1,0,0,0,0,0,0
E,95,0,1,29,21,22,10
Ludre,1,0,0,0,0,0,0
Bulay,1,0,0,0,0,0,0
Chea,0,0,0,0,0,1,0
Sahod,1,0,0,0,0,0,0
Silasha,1,0,0,0,0,0,0
Chuyen,1,0,0,0,0,0,0
Lvell,0,0,0,1,0,0,0
Asazi,1,0,0,0,0,0,0
De'Montau,1,0,0,0,0,0,0
Qudire,1,0,0,0,0,0,0
Ruthshara,1,0,0,0,0,0,0
Coggeshan,1,0,0,0,0,0,0
Johanllie,0,0,0,0,1,0,0
Mojoyinolaoluwa,1,0,0,1,0,0,0
Ar'Quan,1,0,0,0,0,0,0
Agbeke,0,0,0,0,0,0,1
Markeyl,1,0,0,0,0,0,0
Yulara,0,0,0,0,0,1,0
Duzant,0,0,0,0,0,0,1
Rashon,2,0,0,0,0,0,0
Kunzendorff,0,0,0,0,0,1,0
Lemarck,1,0,0,0,0,0,0
Niaku,1,0,0,0,0,0,0
Tyjae,2,0,0,0,0,0,0
T O,0,0,0,1,0,0,0
Lemontrell,1,0,0,0,0,0,0
Suvannakul,0,0,1,0,0,0,0
Vadize,1,0,0,0,0,0,0
A'Sha'Naye Armani,1,0,0,0,0,0,0
Blakemore,1,0,0,0,0,0,0
Ranuca,1,0,0,0,0,0,0
Pasante,1,0,0,0,0,0,0
Rojenae,0,0,0,1,0,0,0
Semenovich,0,0,0,0,0,0,1
Tafar,1,0,0,0,0,0,0
Kehunna,1,0,0,0,0,0,0
Didnte,1,0,0,0,0,0,0
Dao,0,0,2,0,0,0,0
Leon-Jamal,0,0,0,1,0,0,0
A'Mar,0,0,0,1,0,0,0
Picaz,0,0,0,0,1,0,0
Balasila,0,0,1,0,0,0,0
McLeyene,1,0,0,0,0,0,0
Day,2,0,0,0,0,0,0
Raenaole,1,0,0,0,0,0,0
Parba,0,0,1,0,0,0,0
Olegavich,1,0,0,0,0,0,0
Cin,1,0,0,0,0,0,0
Avrel,1,0,0,0,0,0,0
Swarup,0,0,1,0,0,0,0
Zhi,3,0,1,0,0,0,0
Dannyn,1,0,0,0,0,0,0
Alexzander,1,0,0,0,0,0,0
Demondtanya,0,0,0,1,0,0,0
Melind,1,0,0,0,0,0,0
Jian,3,0,0,0,0,0,0
Sincere,6,0,0,0,0,0,0
Tay,1,0,0,0,0,0,0
Tae,4,0,0,0,0,0,0
Jazreon,1,0,0,0,0,0,0
Lazanae,0,0,0,0,0,0,1
Somoraweusinefertari,1,0,0,0,0,0,0
Sekai,1,0,0,1,0,0,0
Tam,1,0,0,0,0,0,0
Arnaz,1,0,0,0,0,0,0
Keheish,0,0,0,1,0,0,0
Teinneille,0,0,0,1,0,0,0
Wardeah,0,0,0,1,0,0,0
E'Sai,1,0,0,0,0,0,0
Maann,1,0,0,0,0,0,0
Herbsen,0,0,0,1,0,0,0
Reilly,1,0,0,0,0,0,0
Mileicha,1,0,0,0,0,0,0
Seantana,1,0,0,0,0,0,0
Amalanat,0,0,0,0,0,0,1
La'Quel,0,0,0,1,0,0,0
Jershay,1,0,0,0,0,0,0
Quy,2,0,0,0,0,0,0
Hawas,1,0,0,0,0,0,0
Piontkousky,0,0,0,0,0,1,0
Alinn,1,0,0,0,0,0,0
Martraevious,1,0,0,0,0,0,0
Adura,1,0,0,0,0,0,0
Tequan,1,0,0,0,0,0,0
Jamone,1,0,0,0,0,0,0
True,1,0,0,0,0,0,0
Lopez,5,0,0,0,0,0,0
Berlyn,0,0,0,0,0,1,0
Kiran,0,0,1,0,0,0,0
Nykel,2,0,0,0,0,0,0
Mt,1,0,0,0,0,0,0
Yanell,1,0,0,0,0,0,0
Nyekia,0,0,0,1,0,0,0
Kheng,1,0,0,0,0,0,0
Teerapatthanakiat,1,0,0,0,0,0,0
Keron,0,0,0,1,0,0,0
Yannellis,0,0,0,0,1,0,0
Baledina,0,0,0,0,1,0,0
Awadullah,1,0,0,0,0,0,0
Neve,0,0,0,0,0,1,0
Z'Hane,1,0,0,0,0,0,0
Kbs,1,0,0,0,0,0,0
Ariel,11,0,0,0,2,0,0
Davonte,1,0,0,0,0,0,0
Lavelle,3,0,0,0,0,0,0
Montrivia,1,0,0,0,0,0,0
Lig,1,0,0,0,0,0,0
M M,0,0,0,1,0,0,0
Ju-Dave,1,0,0,0,0,0,0
Jeantel,1,0,0,0,0,0,0
Diep,1,0,0,0,0,0,0
Dieu,0,0,1,1,0,0,0
Guntilh,1,0,0,0,0,0,0
Dominikue,1,0,0,0,0,0,0
Jahleel,1,0,0,0,0,0,0
Veloso,0,0,1,0,0,0,0
Crebe,1,0,0,0,0,0,0
Joehon,0,0,0,1,0,0,0
Kenyatta,1,0,0,1,0,0,0
Nicafu,1,0,0,0,0,0,0
Alizad,1,0,0,0,0,0,0
Bel,1,0,0,0,0,0,0
F,31,0,8,8,3,8,3
Echevarris,0,0,0,1,0,0,0
Bray,1,0,0,0,0,0,0
Bee,1,0,0,0,0,0,0
Ros'Zetta,1,0,0,0,0,0,0
Shun,1,0,0,0,0,0,0
Ejhoy,1,0,0,0,0,0,0
Khaliel,1,0,0,0,0,0,0
Irie,1,0,0,0,0,0,0
Kapenga,1,0,0,0,0,0,0
Sueini,0,0,1,0,0,0,0
Oum,1,0,0,0,0,0,0
Sage,7,0,0,0,0,0,0
Im-Youn,0,0,1,0,0,0,0
Keiyou,1,0,0,0,0,0,0
O'Lonta,1,0,0,0,0,0,0
Corvanna,1,0,0,0,0,0,0
Maliek,2,0,0,0,0,0,0
Ahaunti,0,0,0,1,0,0,0
Jeong,2,0,0,0,0,0,0
Duqaun,0,0,0,1,0,0,0
Zahoel,0,0,0,1,0,0,0
Lincunada,1,0,0,0,0,0,0
Min,2,0,0,0,0,0,0
Paroutilo,1,0,0,0,0,0,0
Trimone,1,0,0,0,0,0,0
Al-Leese,0,0,0,1,0,0,0
Qwantex Trowaldo Kw,1,0,0,0,0,0,0
Jovaire,0,0,0,0,0,0,1
Deqyan,1,0,0,0,0,0,0
Prado,1,0,0,0,0,0,0
Khristian,1,0,0,0,0,0,0
Molua,1,0,0,0,0,0,0
Jovon,1,0,0,1,0,0,0
Yi Niqkue Mahogenhi,1,0,0,0,0,0,0
Keioh,0,0,0,1,0,0,0
Allfe,0,0,0,1,0,0,0
Shemar,3,0,0,0,0,0,0
Rebel,1,0,0,0,0,0,0
Pyo,1,0,0,0,0,0,0
Lee'Jon,1,0,0,0,0,0,0
Dmannie,0,0,0,1,0,0,0
Jhuria,1,0,0,0,0,0,0
Stoilov,0,0,0,0,0,1,0
Jovanni,1,0,0,0,0,0,0
Tosik,0,0,0,1,0,0,0
Tafajara,1,0,0,0,0,0,0
Ramirez,1,0,0,0,1,0,0
Ayalde,0,0,1,0,0,0,0
Cheytania,0,0,0,0,0,0,1
Michkhale,1,0,0,0,0,0,0
Reshaun,0,0,0,1,0,0,0
Susalla,1,0,0,0,0,0,0
Jahem,1,0,0,0,0,0,0
Synah,1,0,0,0,0,0,0
Bullard,0,1,0,0,0,0,0
Bleh,1,0,0,0,0,0,0
Garvena,0,0,0,1,0,0,0
Arziel,0,0,0,1,0,0,0
Enki,1,0,0,0,0,0,0
Lippard,1,0,0,0,0,0,0
Cha,4,0,2,0,0,0,0
Chi,3,0,2,0,0,0,0
Nu Bao,1,0,0,0,0,0,0
Whitt,1,0,0,0,0,0,0
Segordy,1,0,0,0,0,0,0
Cho,2,0,0,0,0,0,0
Dreren,1,0,0,0,0,0,0
Kinley,1,0,0,0,0,0,0
Chu,1,0,1,0,0,0,0
Brousard,1,0,0,0,0,0,0
White,1,0,0,2,0,0,0
Jae,3,0,1,0,0,0,0
Lache,0,0,0,1,0,0,0
Forner,1,0,0,0,0,0,0
Adeshya,0,0,0,1,0,0,0
Jahtavin,1,0,0,0,0,0,0
Oneyeme,1,0,0,0,0,0,0
Luanglath,1,0,0,0,0,0,0
P K,1,0,0,0,0,0,0
Lanair,1,0,0,0,0,0,0
Myquaia,0,0,0,1,0,0,0
Ra'Keal,1,0,0,0,0,0,0
Quintshella,0,0,0,1,0,0,0
Shay,3,0,0,0,0,2,0
Dante-Mark,1,0,0,0,0,0,0
Piscoe,1,0,0,0,0,0,0
Auguste,0,0,0,0,0,1,0
Kaniel,1,0,0,0,0,0,0
Capague,1,0,0,0,0,0,0
Manah,1,0,0,0,0,0,0
N'Shae,1,0,0,0,0,0,0
Raydel,1,0,0,0,0,0,0
Shi,0,0,1,0,0,0,0
Ezjonie,1,0,0,0,0,0,0
Keeyer,0,0,0,1,0,0,0
Nytiq,1,0,0,0,0,0,0
Deundriel,1,0,0,0,0,0,0
Laquitin,1,0,0,0,0,0,0
Mytrill,1,0,0,0,0,0,0
Lameek,0,0,0,1,0,0,0
Gekedd,1,0,0,0,0,0,0
Terraine,1,0,0,0,0,0,0
Choivenne,0,0,0,1,0,0,0
Haiylemaryam,0,0,0,1,0,0,0
Dvvone,1,0,0,0,0,0,0
Giao,0,0,1,0,0,0,0
Kenye,1,0,0,0,0,0,0
Pontevedra,0,0,1,0,0,0,0
Qyrell,1,0,0,0,0,0,0
Suchy,1,0,0,0,0,0,0
Dorrel,1,0,0,0,0,0,0
Bernstorff,1,0,0,0,0,0,0
Kryztov,0,0,0,1,0,0,0
Maeayan,0,0,1,0,0,0,0
Sukawati,1,0,0,0,0,0,0
Cun,1,0,0,0,0,0,0
Jayacharya,1,0,0,0,0,0,0
Kensie,0,0,0,0,0,1,0
Serapis,1,0,0,0,0,0,0
Tristn,1,0,0,0,0,0,0
Deilshon,1,0,0,0,0,0,0
Tiyqualle,1,0,0,0,0,0,0
Prewitt,1,0,0,0,0,0,0
Alyn,0,0,0,0,0,1,0
Kafre,1,0,0,0,0,0,0
D'Aireonte,0,0,0,1,0,0,0
Joo,1,0,0,0,0,0,0
Daunteen,1,0,0,0,0,0,0
G,52,0,4,15,9,8,7
Sim Teoh,1,0,0,0,0,0,0
Lan-Shay,1,0,0,0,0,0,0
Camalyse,1,0,0,0,0,0,0
Canaiya,1,0,0,0,0,0,0
Jabronnie,1,0,0,0,0,0,0
Keshon,2,0,0,0,0,0,0
Ocean,0,0,0,0,0,1,0
De'Lanman,0,0,0,1,0,0,0
Jahrasti,0,0,0,1,0,0,0
Omaire,0,0,0,0,1,0,0
Pache,1,0,0,0,0,0,0
Kimonea Blazyanah,1,0,0,0,0,0,0
Tra'Nashia,0,0,0,1,0,0,0
Graeber,1,0,0,0,0,0,0
Lorin,1,0,0,0,0,0,0
Myunyur,1,0,0,0,0,0,0
Artell,1,0,0,0,0,0,0
Shawnquel,1,0,0,0,0,0,0
McKinsey,1,0,0,1,0,0,0
Ortiz,0,0,0,1,0,0,0
Tygere,1,0,0,0,0,0,0
Yap,0,0,1,0,0,0,0
Alisasis,1,0,0,0,0,0,0
Yan,2,0,0,0,0,0,0
Deionnika,1,0,0,0,0,0,0
Oshay,2,0,0,0,0,0,0
Dorji,1,0,0,0,0,0,0
Diamond,4,0,0,0,0,0,1
Mondrel,1,0,0,0,0,0,0
Oientel,1,0,0,0,0,0,0
Tiundre,1,0,0,0,0,0,0
Turieza,0,0,0,0,1,0,0
Antonlo,0,0,0,0,1,0,0
Alawinda,1,0,0,0,0,0,0
Etye,1,0,0,0,0,0,0
Post,0,0,0,0,0,1,0
Ravin,0,0,1,0,0,0,0
Nakayma,1,0,0,0,0,0,0
Zahbrial,1,0,0,0,0,0,0
Jourdan,1,0,0,0,0,0,0
Quiahua,1,0,0,0,0,0,0
Harichanda,1,0,0,0,0,0,0
Cortes,0,0,0,0,1,0,0
Jokanbo,1,0,0,0,0,0,0
Sidiek,1,0,0,0,0,0,0
Odmavji,1,0,0,0,0,0,0
Alquinston,1,0,0,0,0,0,0
Jaoua,1,0,0,0,0,0,0
Venkateswarara,1,0,0,0,0,0,0
Davett,0,0,0,1,0,0,0
Aishali,1,0,0,0,0,0,0
Laquann,1,0,0,0,0,0,0
Morrisse,1,0,0,0,0,0,0
Tyshwn,0,0,0,1,0,0,0
Azarudin,1,0,0,0,0,0,0
Pok-Che,1,0,0,0,0,0,0
Seaw,1,0,0,0,0,0,0
Penaflor,0,0,1,0,0,0,0
Danieve,0,0,0,0,0,1,0
Aushantay,1,0,0,0,0,0,0
Lamere,1,0,0,0,0,0,0
Faulkner,1,0,0,0,0,0,0
Jaquelle,1,0,0,0,0,0,0
Do,1,0,1,0,0,0,0
Phi,1,0,1,0,0,0,0
Bipro,1,0,0,0,0,0,0
Ingram,1,0,0,0,0,0,0
De,0,0,0,1,0,0,0
Db,1,0,0,0,0,0,0
Da,1,0,0,0,0,0,0
Devonde,1,0,0,0,0,0,0
R'Aren,1,0,0,0,0,0,0
Bulawan,1,0,0,0,0,0,0
Jamunta,1,0,0,0,0,0,0
Gustavovich,0,0,0,0,1,0,0
Marseilles,1,0,0,0,0,0,0
De Trice,0,0,0,0,1,0,0
P D,0,0,0,1,0,0,0
Lefonne,1,0,0,0,0,0,0
Wong,1,0,2,0,0,0,0
Lamarion,0,0,0,1,0,0,0
Gallegio,1,0,0,0,0,0,0
Belin,1,0,0,0,0,0,0
Kilaton,0,0,1,0,0,0,0
Nicholas-Keaton,1,0,0,0,0,0,0
Sclar,1,0,0,0,0,0,0
McKenza,1,0,0,0,0,0,0
Cttal,0,0,1,0,0,0,0
Landy,1,0,0,0,0,0,0
Anthanay,1,0,0,0,0,0,0
Denan,1,0,0,0,0,0,0
Openheim,0,0,0,0,0,1,0
Chen,1,0,0,0,0,0,0
Yasmilena,1,0,0,0,0,0,0
Herring,1,0,0,0,0,0,0
Etterriah,1,0,0,0,0,0,0
Timilehin,0,0,0,1,0,0,0
Kene,0,0,0,1,0,0,0
Wei,4,0,1,0,0,0,0
Sky,6,1,0,0,0,0,0
Sicefiddik,1,0,0,0,0,0,0
Weaks,0,0,0,1,0,0,0
Bonviar,0,0,0,1,0,0,0
Fermathe,0,0,0,1,0,0,0
Scruggs,1,0,0,0,0,0,0
Makundu,1,0,0,0,0,0,0
Zhen,1,0,0,0,0,0,1
Lynntress,1,0,0,0,0,0,0
Tyoana,0,0,0,1,0,0,0
Shileon,1,0,0,0,0,0,0
Kuishan,1,0,0,0,0,0,0
Dugias,1,0,0,0,0,0,0
Kelechi,1,0,0,0,0,0,0
Shamek,1,0,0,0,0,0,0
Wu,1,0,0,0,0,0,0
Flores,2,0,0,0,0,0,0
Taranese,1,0,0,0,0,0,0
Escoto,1,0,0,0,0,0,0
Michal,1,0,0,0,0,0,0
Amik,1,0,0,0,0,0,0
Muhsinat,1,0,0,0,0,0,0
H,46,0,13,11,2,6,3
Lendeja,0,0,0,1,0,0,0
Leequa,1,0,0,0,0,0,0
Dayon,1,0,0,0,0,0,0
Ruttenberg,1,0,0,0,0,0,0
Chrylreatha,1,0,0,0,0,0,0
Crunail,0,0,0,1,0,0,0
Carrigan,0,0,0,0,0,1,0
K-N,0,0,0,0,0,0,1
La'Kenyah,1,0,0,0,0,0,0
Ojulogo,0,0,0,1,0,0,0
Magente,0,0,0,1,0,0,0
Cayanan,0,0,1,0,0,0,0
Santana,1,0,0,1,0,0,0
Jkree,0,0,0,1,0,0,0
Kei-Yuana,1,0,0,0,0,0,0
Viktorovych,1,0,0,0,0,0,0
Cyon,1,0,0,0,0,0,0
Arhay,0,0,0,1,0,0,0
Jakgika,1,0,0,0,0,0,0
Uevyn,1,0,0,0,0,0,0
Bolutife,1,0,0,0,0,0,0
Mikkuelle,1,0,0,0,0,0,0
Shirae,1,0,0,0,0,0,0
Kobanawa,1,0,0,0,0,0,0
Eyan,1,0,0,0,0,0,0
Quay,1,0,0,0,0,0,0
Zha-Quel,1,0,0,0,0,0,0
Kemrhi,1,0,0,0,0,0,0
Laven,1,0,0,0,0,0,0
Dehring,1,0,0,0,0,0,0
Lavel,1,0,0,0,0,0,0
Namdee,1,0,0,0,0,0,0
Mozhai,1,0,0,0,0,0,0
Muratbekovna,1,0,0,0,0,0,0
Zameriah,1,0,0,0,0,0,0
McCauley,0,0,0,1,0,1,0
Xiang,1,0,0,0,0,0,0
Mpekesa,1,0,0,0,0,0,0
Krebsbach,1,0,0,0,0,0,0
Yactzaret Esparza,1,0,0,0,0,0,0
Eibedt,1,0,0,0,0,0,0
Javel,1,0,0,0,0,0,0
Styons,1,0,0,0,0,0,0
Souffienne,0,0,0,0,1,0,0
Starr-Let,1,0,0,0,0,0,0
Surayyah-Taslimah,1,0,0,0,0,0,0
Kwontavia,0,0,0,1,0,0,0
Martice,1,0,0,0,0,0,0
Sharwell,0,0,0,0,0,1,0
Saleen,0,0,0,1,0,0,0
Tyneek,1,0,0,0,0,0,0
Saede,0,0,0,0,0,0,1
Alves,1,0,0,0,0,0,1
Syncerr,1,0,0,0,0,0,0
Marquice,1,0,0,0,0,0,0
Donorio,1,0,0,0,0,0,0
Aurtrez,1,0,0,0,0,0,0
Shadab,1,0,0,0,0,0,0
Amipi,1,0,0,0,0,0,0
Amaru,1,0,0,0,0,0,0
Nahshawn,1,0,0,0,0,0,0
Fredi,1,0,0,0,0,0,0
Mykael,1,0,0,0,0,0,0
Amari,6,0,0,2,0,0,0
Avtyanna,1,0,0,0,0,0,0
Tnaisha,1,0,0,0,0,0,0
Badu,0,0,0,1,0,0,0
Dethsy,1,0,0,0,0,0,0
Kyrhee,1,0,0,0,0,0,0
Ny'Brie,0,0,0,1,0,0,0
Cross,1,0,0,0,0,1,0
Nyshawn,1,0,0,0,0,0,0
Yorshe,1,0,0,0,0,0,0
Fymia,1,0,0,0,0,0,0
Ganey,0,0,0,0,0,1,0
Maiyanda,1,0,0,0,0,0,0
Jariah,1,0,0,0,0,0,0
Briannte,0,0,0,0,0,0,1
Reagan,1,0,0,0,0,0,0
Him,1,0,0,0,0,0,0
Ria-Sonee,0,0,0,1,0,0,0
Onyema,0,0,0,1,0,0,0
Keopanya,1,0,0,0,0,0,0
Sessoms,1,0,0,0,0,0,0
Olaer,0,0,1,0,0,0,0
Feng,3,0,2,0,0,0,0
Camil,1,0,0,0,0,0,0
Tiuia,1,0,0,0,0,0,0
Carrington,1,0,0,1,0,0,0
Chandlee,1,0,0,0,0,0,0
Triesh,1,0,0,0,0,0,0
Oithonamona,0,0,0,1,0,0,0
Ikeye,1,0,0,0,0,0,0
Khyjuwane,1,0,0,0,0,0,0
Woon,1,0,0,0,0,0,0
Nychelle-Charnei,0,0,0,1,0,0,0
Sakamornrat,0,0,1,0,0,0,0
Goulart,1,0,0,0,0,0,0
Nobi,0,0,1,0,0,0,0
Jazz,1,0,0,0,0,1,0
Suvannatat,0,0,1,0,0,0,0
Moraes,1,0,0,0,0,0,0
Narcise,1,0,0,0,0,0,0
Jayanga,1,0,0,0,0,0,0
Leith,0,0,0,0,1,0,0
Zire,1,0,0,0,0,0,0
Outdom,1,0,0,0,0,0,0
Coyote,1,0,0,0,0,0,0
Hawattha-Lache,1,0,0,0,0,0,0
Silver,1,0,0,0,0,0,0
Wedsny,1,0,0,0,0,0,0
I,26,1,1,9,2,5,5
Re'Neika,1,0,0,0,0,0,0
Likeam,1,0,0,0,0,0,0
Sarraveon,0,0,0,1,0,0,0
Eseosa,1,0,0,0,0,0,0
Mar,1,0,1,0,1,0,0
Matile,0,0,0,0,0,1,0
Narottamsingh,1,0,0,0,0,0,0
Manarang,1,0,0,0,0,0,0
Davlyn,1,0,0,0,0,0,0
T-Lee,0,0,0,1,0,0,0
Zar,1,0,0,0,0,0,0
Jogene,0,0,0,0,0,0,1
Sanchaz,1,0,0,0,0,0,0
Jeteil,1,0,0,0,0,0,0
Dasi,1,0,0,0,0,0,0
Il,3,0,2,1,0,0,0
In,1,0,0,0,0,0,0
Dasa,1,0,0,0,0,0,0
Tyvon-Xavier,0,0,0,1,0,0,0
Lamatine,0,1,0,0,0,0,0
Montes,2,0,0,0,0,0,0
Jamari,1,0,0,0,0,0,0
Pinh,1,0,0,0,0,0,0
Zsavel,0,0,0,1,0,0,0
Areil,1,0,0,0,0,0,0
Montez,4,0,0,0,0,0,0
Ping,2,0,1,0,0,0,0
O'Shawn,0,0,0,1,0,0,0
Lodow,1,0,0,0,0,0,0
Bao,3,0,1,0,0,0,0
Shquine,0,0,0,1,0,0,0
Kook,1,0,0,0,0,0,0
Wyatariya,0,0,0,1,0,0,0
Narendranauoh,1,0,0,0,0,0,0
Dunka,0,0,0,0,0,0,1
Dionlysus,0,0,0,1,0,0,0
Iamone,1,0,0,0,0,0,0
Locson,0,0,1,0,0,0,0
Tokina,0,0,0,1,0,0,0
Valdimirovna,1,0,0,0,0,0,0
Saemor,0,0,0,1,0,0,0
Stanislavovich,1,0,0,0,0,0,0
Nothai,1,0,0,0,0,0,0
A'Jah,0,0,0,1,0,0,0
Reshawn,1,0,0,0,0,0,0
Sainteus,0,0,0,1,0,0,0
Adrien,0,0,0,0,0,1,0
Djuin,1,0,0,0,0,0,0
Alejandmo,1,0,0,0,0,0,0
Troi,1,0,0,0,0,0,0
Wynn,1,0,0,0,0,0,0
Dontoel,0,0,0,1,0,0,0
Shakaun,1,0,0,0,0,0,0
Jikia,1,0,0,0,0,0,0
Wakshuma,1,0,0,0,0,0,0
Tiyan,1,0,0,0,0,0,0
Tazifua,0,0,0,1,0,0,0
Myo,0,0,1,0,0,0,0
Habtetion,1,0,0,0,0,0,0
Piu,1,0,0,0,0,0,0
Shatahrie,1,0,0,0,0,0,0
Chilleenn,1,0,0,0,0,0,0
Kuy,1,0,0,0,0,0,0
Nei,1,0,0,0,0,0,0
Nee,0,0,1,0,0,0,0
Hennker,0,0,0,0,0,1,0
Daydrian,1,0,0,0,0,0,0
Kuk,1,0,0,0,0,0,0
Chongker,2,0,0,0,0,0,0
Sloan,1,0,0,0,0,0,0
Diguah,1,0,0,0,0,0,0
Glen-Nelson,1,0,0,0,0,0,0
Sloah,0,0,0,0,0,1,0
Hydeijah-Patrice,1,0,0,0,0,0,0
Jacquane,1,0,0,0,0,0,0
Delvece,1,0,0,0,0,0,0
Anissel,1,0,0,0,0,0,0
Aranara,1,0,0,0,0,0,0
Teyel,1,0,0,0,0,0,0
Grisbelle,0,0,0,0,1,0,0
Geen,1,0,0,0,0,0,0
Bhosan,0,0,1,0,0,0,0
Mikhaylovna,1,0,0,0,0,0,0
Keol,1,0,0,0,0,0,0
Azzariah,1,0,0,0,0,0,0
Lyndell,1,0,0,0,0,0,0
Dru,1,0,0,0,0,0,0
Vazquez,0,0,0,0,1,0,0
Keyaunnah,0,0,0,1,0,0,0
Shirone,1,0,0,0,0,0,0
Jeryell,1,0,0,0,0,0,0
Kemari,1,0,0,0,0,0,0
Naubart,1,0,0,0,0,0,0
Lelide,0,0,0,0,0,0,1
Velayo,1,0,0,0,0,0,0
Mestel,1,0,0,0,0,0,0
Leimarne,1,0,0,0,0,0,0
Averyon,0,0,0,1,0,0,0
Storm,4,0,0,0,0,1,0
Aunijane,1,0,0,0,0,0,0
Nagahama,1,0,0,0,0,0,0
Alexardes,1,0,0,0,0,0,0
Deprice,1,0,0,0,0,0,0
Sermons,0,0,0,1,0,0,0
Demtri,0,0,0,1,0,0,0
Kahmeek,1,0,0,0,0,0,0
Sabah,1,0,0,0,0,0,0
Bui,1,0,0,0,0,0,0
Matuis,1,0,0,0,0,0,0
Tarique-Rayquaan,0,0,0,0,0,0,1
Caridell,1,0,0,0,0,0,0
Da'Shan,1,0,0,0,0,0,0
Yodong,1,0,0,0,0,0,0
Sandburn,1,0,0,0,0,0,0
Hoai,3,0,4,0,0,0,0
Quazhai,0,0,0,1,0,0,0
J,154,1,5,63,17,26,24
Keymar,1,0,0,0,0,0,0
Lynx,0,0,0,1,0,0,0
Deontae,1,0,0,0,0,0,1
Paigeland,1,0,0,0,0,0,0
Amari Mar,0,0,0,1,0,0,0
Khuyen,1,0,0,0,0,0,0
Travair,1,0,0,0,0,0,0
Dhajee,1,0,0,0,0,0,0
Estherna,1,0,0,0,0,0,0
Taughtshia,1,0,0,0,0,0,0
Benitez,0,0,0,0,1,0,0
La'Daisyia,1,0,0,0,0,0,0
Saito,1,0,0,0,0,0,0
Sirojiddinovna,0,0,0,0,0,0,1
Tullses,0,0,0,1,0,0,0
Nonivasilida,1,0,0,0,0,0,0
Remesis,0,0,0,2,0,0,0
Fentrez,0,0,0,1,0,0,0
Noellerae,1,0,0,0,0,0,0
Lljoi,1,0,0,0,0,0,0
Phontae,1,0,0,0,0,0,0
Shykheem,1,0,0,0,0,0,0
Imani-Lei,1,0,0,0,0,0,0
Junor,1,0,0,0,0,0,0
Hot,1,0,0,0,0,0,0
Chuthai,1,0,0,0,0,0,0
McKenzie,8,0,0,0,0,3,0
Damorney,1,0,0,0,0,0,0
An,1,0,0,0,0,0,0
La'Trell,0,0,0,1,0,0,0
Chue,1,0,0,0,0,0,0
Nivek,1,0,0,0,0,0,0
Chun,2,0,3,0,0,0,0
Jakin,1,0,0,0,0,0,0
Teewah,0,0,0,0,0,0,1
Leseanta,1,0,0,0,0,0,0
Tamoenae,0,0,0,1,0,0,0
Ar,0,0,0,1,0,0,0
Bolito,1,0,0,0,0,0,0
Dorell,0,0,0,1,0,0,0
Raeshun,0,0,0,1,0,0,0
Anis,1,0,0,0,0,0,0
Asencio,1,0,0,0,0,0,0
Leejay,1,0,0,0,0,0,0
Landefeld,1,0,0,0,0,0,0
Martelz,1,0,0,0,0,0,0
Fields,1,0,0,0,0,0,0
Ltravion,1,0,0,0,0,0,0
Sadad'E,1,0,0,0,0,0,0
Jenangirji,0,0,1,0,0,0,0
Jahkill,1,0,0,0,0,0,0
Miguell,0,0,0,1,0,0,0
Rayold,1,0,0,0,0,0,0
Robbins,0,0,0,1,0,0,0
Ya'Nique,1,0,0,0,0,0,0
Somjook,1,0,0,0,0,0,0
Cabanes,1,0,0,0,0,0,0
Lajuan,1,0,0,0,0,0,0
Sinclaire,1,0,0,0,0,0,0
Thakorsinh,1,0,0,0,0,0,0
Tra'Nea,1,0,0,0,0,0,0
Shawnuren,0,0,0,1,0,0,0
Armmando,1,0,0,0,0,0,0
Shaihel,1,0,0,0,0,0,0
Shimarre,0,0,0,1,0,0,0
Desheed,0,0,0,1,0,0,0
Moon,2,0,0,0,0,0,0
Blakely,2,0,0,0,0,0,0
Lashay-Marie,0,0,0,1,0,0,0
Lagiurre,1,0,0,0,0,0,0
Rentrell,1,0,0,0,0,0,0
Brown,2,0,0,0,0,0,0
Vergara,1,0,0,0,0,0,0
Quynh-Nu,1,0,0,0,0,0,0
Eianna,0,0,0,0,0,0,1
Martaris,1,0,0,0,0,0,0
Ashika-Amari,1,0,0,0,0,0,0
Barthelmas,1,0,0,0,0,0,0
Surfa,1,0,0,0,0,0,0
Attallah,1,0,0,0,0,0,0
Sairama,0,0,1,0,0,0,0
Yidresu,1,0,0,0,0,0,0
Khail,1,0,0,0,0,0,0
Da'Shonna,1,0,0,0,0,0,0
Mbez,1,0,0,0,0,0,0
Ny'Twan,0,0,0,1,0,0,0
Denise-Oma,1,0,0,0,0,0,0
Asadin,1,0,0,0,0,0,0
Marquett,1,0,0,0,0,0,0
Myalasha,1,0,0,0,0,0,0
Sohn,1,0,0,0,0,0,0
Jean-Cius,0,0,0,1,0,0,0
Roberpedo,0,0,0,0,1,0,0
Jesmine,0,0,0,0,0,1,0
Selvyon,0,0,0,0,0,0,1
Devonta,1,0,0,0,0,0,0
Jireeah-Imek,1,0,0,0,0,0,0
Jayce,1,0,0,0,0,1,0
Gumangan,0,0,1,0,0,0,0
Fikriye,0,0,0,0,0,1,0
Oveon,1,0,0,0,0,0,0
Ra'Nique,1,0,0,0,0,0,0
Shacole,1,0,0,0,0,0,0
Ngoe,1,0,0,0,0,0,0
Nicohl,1,0,0,0,0,0,0
Luqua,1,0,0,0,0,0,0
Thiny,0,0,1,0,0,0,0
Cikya-Ani,1,0,0,0,0,0,0
Yolanique,1,0,0,0,0,0,0
Rosi-El,1,0,0,0,0,0,0
Mijan,1,0,0,0,0,0,0
Borreta,1,0,0,0,0,0,0
Tumamao,0,0,1,0,0,0,0
Ymar,1,0,0,0,0,0,0
Meguelle,1,0,0,0,0,0,0
Nweka,1,0,0,0,0,0,0
Meneses,1,0,0,0,0,0,0
Joseinia,1,0,0,0,0,0,0
Eosona,1,0,0,0,0,0,0
Aligel,0,0,0,1,0,0,0
Zanchez,1,0,0,0,0,0,0
Kyung,2,0,0,0,0,0,0
Safarr,0,0,0,1,0,0,0
J'Quarrel,1,0,0,0,0,0,0
Kakaikani-Hokulani,1,0,0,0,0,0,0
Phreid,1,0,0,0,0,0,0
Pagan,1,0,0,0,0,0,0
Latis,1,0,0,0,0,0,0
Montagomery,0,0,0,0,0,0,1
Jiang,1,0,0,0,0,0,0
Julioce,1,0,0,0,0,0,0
Visaraga,0,0,0,0,1,0,0
Curtwyne,1,0,0,0,0,0,0
K,84,1,17,29,3,12,15
Hope-Orean,0,0,0,1,0,0,0
Rickael,1,0,0,0,0,0,0
Shamale,1,0,0,0,0,0,0
Raqui,1,0,0,0,0,0,0
Nahar,0,0,1,0,0,0,0
Ana-Kaye,1,0,0,0,0,0,0
Leighmont,1,0,0,0,0,0,0
Gbeway,1,0,0,0,0,0,0
Cadyt,0,0,0,0,1,0,0
Marquette,3,0,0,0,0,0,0
Wun,1,0,0,0,0,0,0
Tynajwa,0,0,0,1,0,0,0
Austilas,1,0,0,0,0,0,0
Lafrance,2,0,0,0,0,0,0
Thivan,1,0,0,0,0,0,0
Pitcairn,1,0,0,0,0,0,0
Downton,1,0,0,0,0,0,0
Mar'She My'Jewel,1,0,0,0,0,0,0
Veneko,1,0,0,0,0,0,0
Ommos,0,0,0,1,0,0,0
Tok,1,0,0,0,0,0,0
Ocampo,1,0,0,0,0,0,0
Jeannai,1,0,0,0,0,0,0
Lavonshay,0,0,0,0,0,1,0
Core,1,0,0,0,0,0,0
Teneira,1,0,0,0,0,0,0
Chi'Kel,0,0,0,1,0,0,0
Yumeshia,0,0,0,1,0,0,0
Zy'Meriya,1,0,0,0,0,0,0
Jonod,0,0,0,1,0,0,0
Quan-Sa,1,0,0,0,0,0,0
F K L,0,0,0,0,0,0,1
Abreu,1,0,0,0,0,0,0
Varshe,1,0,0,0,0,0,0
Abuan,1,0,0,0,0,0,0
Whitesell,1,0,0,0,0,0,0
Svenija,1,0,0,0,0,0,0
Ifeoluwa,1,0,0,0,0,0,0
Abanto,1,0,0,0,0,0,0
Jettad,1,0,0,0,0,0,0
Scott-Sefi,1,0,0,0,0,0,0
Adel,2,0,0,0,0,0,0
Adaeue,1,0,0,0,0,0,0
Reeree,1,0,0,0,0,0,0
Belushie,1,0,0,0,0,0,0
O'Del,1,0,0,0,0,0,0
Chae,1,0,0,0,0,0,0
Gedreysus,1,0,0,0,0,0,0
Keyondral,0,0,0,1,0,0,0
Schlitt,0,0,0,0,0,1,0
Arroyo,1,0,0,0,0,0,0
Tajliana,1,0,0,0,0,0,0
Jovell,0,0,0,1,0,0,0
Sean-Marquis,1,0,0,0,0,0,0
T Bao,1,0,0,0,0,0,0
Worldson,1,0,0,0,0,0,0
Andraline,0,0,0,1,0,0,0
Palikapu,1,0,0,0,0,0,0
Laquan,5,0,0,1,0,0,0
Ty'Teon,0,0,0,1,0,0,0
Laqual,1,0,0,0,0,0,0
Jacobi,3,0,0,0,0,0,0
Koickalparampil,1,0,0,0,0,0,0
Thurchs,0,0,1,0,0,0,0
Laquay,2,0,0,1,0,0,0
Edlin,0,0,0,1,0,0,0
Tiy'A Deeahviunn,0,0,0,1,0,0,0
Zhinee,1,0,0,0,0,0,0
Carpenter,0,0,0,0,0,1,0
Nickal,1,0,0,0,0,0,0
Luhembe,1,0,0,0,0,0,0
Stanic,0,0,0,0,0,1,0
Lawronne,1,0,0,0,0,0,0
Nijuria,0,0,0,1,0,0,0
Kanlil,0,0,0,1,0,0,0
Meredene,1,0,0,0,0,0,0
Brian'A,1,0,0,0,0,0,0
Qetman,1,0,0,0,0,0,0
Chytavious,1,0,0,0,0,0,0
Ti'Armer,0,0,0,1,0,0,0
Mikhaiel,1,0,0,0,0,0,0
Namath,1,0,0,0,0,0,0
Nery,1,0,0,0,0,0,0
Chrea,0,0,0,0,0,1,0
Acaa,0,0,0,1,0,0,0
Manaizha,1,0,0,0,0,0,0
Telique,1,0,0,0,0,0,0
Nykuria,1,0,0,0,0,0,0
Jaenie,0,0,1,0,0,0,0
Laviv,0,0,0,1,0,0,0
Odean,0,0,0,1,0,0,0
Nhy,1,0,0,0,0,0,0
Shaquon,1,0,0,0,0,0,0
Amari Deshae,1,0,0,0,0,0,0
Nang,2,0,0,0,0,0,0
Tracoia,1,0,0,0,0,0,0
Malike,1,0,0,0,0,0,0
Veavea,1,0,0,0,0,0,0
Ivellises,1,0,0,0,0,0,0
Whan,1,0,0,0,0,0,0
Aviendna,0,1,0,0,0,0,0
Pellobello,1,0,0,0,0,0,0
Tomar,1,0,0,0,0,0,0
McCabe,0,0,0,0,0,1,0
Lanis,1,0,0,0,0,0,0
Fule,1,0,0,0,0,0,0
C A B,1,0,0,0,0,0,0
Lycorgus,1,0,0,0,0,0,0
Aniyah-Samone,1,0,0,0,0,0,0
Chong,1,0,0,0,0,0,0
Tamin,0,0,0,1,0,0,0
Carodenia,1,0,0,0,0,0,0
Bau,1,0,0,0,0,0,0
Ikeil,1,0,0,0,0,0,0
L,200,1,11,81,14,48,23
Olusola,1,0,0,0,0,0,0
Bay,1,0,0,0,0,0,0
Bhakta,1,0,0,0,0,0,0
Tiunne,1,0,0,0,0,0,0
Tyrie,1,0,0,0,0,0,0
Cohamders,0,0,0,1,0,0,0
Keishon,1,0,0,0,0,0,0
Bunal,1,0,0,0,0,0,0
Chung,0,0,1,0,0,0,1
Ricci,1,0,0,0,0,0,0
Ran,2,0,1,0,0,0,0
Moncle,0,0,0,1,0,0,0
Sisrasaisri,1,0,0,0,0,0,0
Lian,0,0,1,0,0,1,0
Lacy,1,1,0,0,0,0,0
Klestrup,1,0,0,0,0,0,0
Sung,2,0,0,0,0,0,0
Kongthong,1,0,0,0,0,0,0
Thaiseida,1,0,0,0,0,0,0
Ryneed,1,0,0,0,0,0,0
Suybaun,0,0,0,0,1,0,0
Kelieth,1,0,0,0,0,0,0
Eng,1,0,0,0,0,0,0
Tishon,1,0,0,0,0,0,0
Kenzie,1,0,0,0,0,0,0
Mun,0,0,1,0,0,0,0
Snanell,0,0,0,1,0,0,0
Paollo,1,0,0,0,0,0,0
Dalay,0,0,0,0,1,0,0
Shaquan,4,0,0,0,0,0,0
Davletov,1,0,0,0,0,0,0
Laken,0,0,0,0,0,0,1
Ahumad,1,0,0,0,0,0,0
Mo'Shai,1,0,0,0,0,0,0
Aimuobhiekpen,0,0,0,1,0,0,0
Juriel,1,0,0,0,0,0,0
Deyoy,0,0,0,1,0,0,0
Morri,1,0,0,0,0,0,0
Kalajuan,1,0,0,0,0,0,0
Alecic,0,0,0,1,0,0,0
Alexzay,1,0,0,0,0,0,0
Ning,1,0,0,0,0,0,0
Rayvira,1,0,0,0,0,0,0
El,1,0,0,0,0,0,0
En,1,0,0,0,0,0,0
Ei,1,0,0,0,0,0,0
Da'Quania,1,0,0,0,0,0,0
Ec,1,0,0,0,0,0,0
Bautiste,1,0,0,0,0,0,0
Bocanegra,0,0,0,0,1,0,0
Amazzie,1,0,0,0,0,0,0
Rainel,1,0,0,0,0,0,0
Jaquane,1,0,0,0,0,0,0
Verdarrell,1,0,0,0,0,0,0
Vandell,1,0,0,0,0,0,0
Tequinney,0,0,0,0,0,0,1
Persaud,0,0,0,0,0,0,1
Shakoyiah,0,0,0,1,0,0,0
De Andrade,0,0,0,0,0,1,0
Leondre,1,0,0,0,0,0,0
Kemani,1,0,0,0,0,0,0
Donyea,0,0,0,1,0,0,0
Runyan,0,0,0,0,0,1,0
Rajhagopala,1,0,0,0,0,0,0
Itcooka,1,0,0,0,0,0,0
Tyeriek,1,0,0,0,0,0,0
Rudo,1,0,0,0,0,0,0
Xec,1,0,0,0,0,0,0
Altman,1,0,0,0,0,0,0
Dadon,1,0,0,0,0,0,0
Doan-Minh,1,0,0,0,0,0,0
Zycaria Lashawndel,1,0,0,0,0,0,0
Stantarius,1,0,0,0,0,0,0
Tri-Mi,1,0,0,0,0,0,0
Ni'Dai,1,0,0,0,0,0,0
Hagis,1,0,0,0,0,0,0
Rivas,0,0,1,0,0,0,0
Rene,15,0,0,2,4,5,0
Muniz,1,0,0,0,0,0,0
Monares,1,0,0,0,0,0,0
Jujuan,0,0,0,1,0,0,0
Xi,1,0,0,0,0,0,0
Ezmeir,1,0,0,0,0,0,0
Ghaina,0,0,0,1,0,0,0
Vashen,1,0,0,0,0,0,0
Shiloh,1,0,0,0,0,0,0
Lenis,1,0,0,0,0,0,0
Kemone,0,0,0,1,0,0,0
Xu,1,0,1,0,0,0,0
Coerrell,1,0,0,0,0,0,0
Darlan,1,0,0,0,0,0,0
Kristyonne,1,0,0,0,0,0,0
Irznel,1,0,0,0,0,0,0
Sebi,1,0,0,0,0,0,0
Quantraillee,0,0,0,1,0,0,0
Aunijahe,1,0,0,0,0,0,0
Olchine,0,0,0,1,0,0,0
Pena,1,0,0,0,0,0,0
Juprelle,1,0,0,0,0,0,0
Kabbor,0,0,0,0,1,0,0
Yosan,1,0,0,0,0,0,0
Kehler,1,0,0,0,0,0,0
Cheyene,0,0,0,0,0,1,0
Shu'Ranta,1,0,0,0,0,0,0
Jrameile,1,0,0,0,0,0,0
Nie,1,0,0,0,0,0,0
Trevaughn,1,0,0,1,0,0,0
Ryang,1,0,0,0,0,0,0
Rhashay,1,0,0,0,0,0,0
Diamon,2,0,0,0,0,0,0
Davila,0,0,0,0,1,0,0
M,223,2,13,83,32,63,23
Lmyra,0,0,0,1,0,0,0
Sishell,0,0,0,1,0,0,0
Zhao,3,0,1,0,0,0,0
Marquel,1,0,0,2,0,0,0
Thi,68,2,35,0,0,0,3
Monis,1,0,0,0,0,0,0
Altayb,1,0,0,0,0,0,0
Kint'A,1,0,0,0,0,0,0
Chinanso,0,0,0,1,0,0,0
Sharmar,2,0,0,0,0,0,0
Roruh,0,0,0,1,0,0,0
Narine,0,0,0,0,0,0,1
Ahdaisha,1,0,0,0,0,0,0
O'Boyle,0,0,0,0,0,1,0
Trobnyce,1,0,0,0,0,0,0
Jewelshay,1,0,0,0,0,0,0
Phamarie,1,0,0,0,0,0,0
Helmy,1,0,0,0,0,0,0
Peychev,0,0,0,0,0,1,0
Alvarado,1,0,0,0,0,0,0
Hill,1,0,0,0,0,1,0
Kayshun,1,0,0,0,0,0,0
Har,2,0,0,0,0,0,0
Chau Thi,1,0,0,0,0,0,0
Nurronn,1,0,0,0,0,0,0
Bass,1,0,0,0,0,0,0
Lakryv'A,1,0,0,0,0,0,0
Ju,1,0,0,0,0,0,0
Montgomory,1,0,0,0,0,0,0
Lanza,1,0,0,0,1,0,0
D'Jhon,0,0,0,1,0,0,0
Paols,0,0,0,0,1,0,0
De La Cruz,1,0,0,0,0,0,0
Oqueno,1,0,0,0,0,0,0
Yhyomarre,0,0,0,0,1,0,0
Treyvantae,1,0,0,0,0,0,0
Basi,1,0,0,0,0,0,0
Ja'Voya,1,0,0,0,0,0,0
Bosjena,0,0,0,1,0,0,0
Pouky,1,0,0,0,0,0,0
Carnie,1,0,0,0,0,0,0
Mashawn,1,0,0,0,0,0,0
Rachimie,0,0,0,0,0,0,1
Anania,0,0,0,1,0,0,0
Shanyunan,1,0,0,0,0,0,0
Mujica,1,0,0,0,0,0,0
Ortigosa,0,0,1,0,0,0,0
Nickonas,0,1,0,0,0,0,0
Avamrnq,1,0,0,0,0,0,0
Tzu,0,0,1,0,0,0,0
Lhoda,1,0,0,0,0,0,0
Da'At,1,0,0,0,0,0,0
Corneish,0,0,0,1,0,0,0
Pang,0,0,1,0,0,0,0
Heard,0,0,0,0,0,0,1
Recodi,1,0,0,0,0,0,0
Edzavion,1,0,0,0,0,0,0
Huynh-Ninh,1,0,0,0,0,0,0
Leaboria,0,1,0,0,0,0,0
Sytai,1,0,0,0,0,0,0
Shyvannte,1,0,0,0,0,0,0
Bridgewater,1,0,0,0,0,0,0
Fox,1,0,0,0,0,0,0
Karmiana,1,0,0,0,0,0,0
Allianoe,0,0,0,1,0,0,0
Namyr,0,0,0,0,1,0,0
Yoimar,1,0,0,0,0,0,0
Song,1,0,0,0,0,0,0
Alexus,12,0,0,3,0,0,0
Alodianet,1,0,0,0,0,0,0
Zimquesha,1,0,0,0,0,0,0
Dshawn,2,0,0,1,0,0,0
Pettis,1,0,0,0,0,0,0
Ashanti-Terezzz,1,0,0,0,0,0,0
Mykell,1,0,0,0,0,0,0
Levaughn,1,0,0,0,0,0,0
Ziyon,1,0,0,0,0,0,0
Lanothrice,1,0,0,0,0,0,0
Khelshal,0,0,1,0,0,0,0
Emani,2,0,0,0,0,0,0
Zawbarn,0,0,0,1,0,0,0
Ba,0,0,1,0,0,0,0
Sa-Quon Shemar,1,0,0,0,0,0,0
Arsheene,1,0,0,0,0,0,0
Armonde,1,0,0,0,0,0,0
Tyreece,1,0,0,0,0,0,0
Chiu,1,0,0,0,0,0,0
Shivday,1,0,0,0,0,0,0
Chin,2,0,0,0,0,0,0
Ibanez,0,0,1,0,0,0,0
Vlette,1,0,0,0,0,0,0
Mahanaj,0,0,1,0,0,0,0
Ziquel,1,0,0,0,0,0,0
Decubrian,1,0,0,0,0,0,0
Thamelie,1,0,0,0,0,0,0
Yun,1,0,1,0,0,0,0
Elizabeth-Raye,0,0,0,1,0,0,0
Okano,0,0,1,0,0,0,0
Quantarus,1,0,0,0,0,0,0
Dashae,2,0,0,0,0,0,0
Femmai,0,0,0,1,0,0,0
Makiah,2,0,0,0,0,0,0
Deniel,1,0,0,0,0,0,0
Q Z,1,0,0,0,0,0,0
Inokio,1,0,0,0,0,0,0
Ahpure,1,0,0,0,0,0,0
Quendel-Willliam,1,0,0,0,0,0,0
Jeanty,1,0,0,0,0,0,0
Butalon,0,0,1,0,0,0,0
Royale,1,0,0,1,0,0,0
Abdlel,1,0,0,0,0,0,0
Thi Cat,1,0,0,0,0,0,0
Keswandre,1,0,0,0,0,0,0
N,96,1,11,28,6,10,13
Tyrcik,0,0,0,1,0,0,0
Jereesa,0,0,0,1,0,0,0
Jargues,1,0,0,0,0,0,0
Nario,1,0,0,0,0,0,0
Sinford,0,0,0,1,0,0,0
Sa-Quawn,1,0,0,0,0,0,0
Allen-Eldwin,0,0,0,1,0,0,0
Niziv,1,0,0,0,0,0,0
Rashiada,1,0,0,0,0,0,0
Wnique,1,0,0,0,0,0,0
Ravmaul,1,0,0,0,0,0,0
Markee,2,0,0,1,0,0,0
Victorious,0,0,0,0,0,1,0
Yimnoi,1,0,0,0,0,0,0
Jwar,1,0,0,0,0,0,0
Josheinque,1,0,0,0,0,0,0
McClane,1,0,0,0,0,0,0
Linda-Irene,1,0,0,0,0,0,0
Dakotel,1,0,0,0,0,0,0
Kham,1,0,0,0,0,0,0
MacIjah,1,0,0,0,0,0,0
Maritzo,1,0,0,0,0,0,0
Jenarick,1,0,0,0,0,0,0
Kwashala,1,0,0,0,0,0,0
Armoni,1,0,0,0,0,0,0
Ruiz,0,0,0,0,1,0,0
Montour,1,0,0,0,0,0,0
Sheng,1,0,2,0,0,0,0
Korian,1,0,0,0,0,0,0
Chitt,1,0,0,0,0,0,0
Lonyae,1,0,0,0,0,0,0
Mzlique,1,0,0,0,0,0,0
Milius,0,0,0,1,0,0,0
Dayuette,1,0,0,0,0,0,0
Valerivna,1,0,0,0,0,0,0
Shine,1,0,0,0,0,0,0
Ishamarle,1,0,0,0,0,0,0
Samaj,2,0,0,0,0,0,0
Cartner,1,0,0,0,0,0,0
Bamadour,1,0,0,0,0,0,0
Coe,1,0,0,0,0,0,0
Seen,1,0,0,0,0,0,0
D'Ultre,1,0,0,0,0,0,0
Dasomalendia,1,0,0,0,0,0,0
Cintalus,1,0,0,0,0,0,0
Soe,2,0,0,0,0,0,0
Diazhee,1,0,0,0,0,0,0
Cetherine,1,0,0,0,0,0,0
Sok,1,0,0,0,0,0,0
Revon,1,0,0,0,0,0,0
Soo,5,0,0,0,0,0,0
A E,1,0,0,0,0,0,0
Sop,1,0,0,0,0,0,0
Kree,1,0,0,0,0,0,0
McKaia,1,0,0,0,0,0,0
Songui,1,0,0,0,0,0,0
Temitope,1,0,0,0,0,0,0
Batirovich,0,0,0,0,0,1,0
Jordann,0,0,0,1,0,0,0
Javarios,0,0,0,1,0,0,0
Fang,2,0,2,0,0,0,0
Germaan,1,0,0,0,0,0,0
Mahtrex,1,0,0,0,0,0,0
Imon,1,0,0,0,0,0,0
Tyrses,1,0,0,0,0,0,0
Noriek,1,0,0,0,0,0,0
Lesean,1,0,0,0,0,0,0
Sacajaweea,1,0,0,0,0,0,0
Deih,1,0,0,0,0,0,0
Rosario,2,0,0,0,0,0,0
Capapar,1,0,0,0,0,0,0
Yndea,1,0,0,0,0,0,0
Arryell,1,0,0,0,0,0,0
Shy'Ree,1,0,0,0,0,0,0
Simoes,1,0,0,0,0,0,0
De'Na'Ja,0,0,0,1,0,0,0
Netting,1,0,0,0,0,0,0
Thadeyous,1,0,0,0,0,0,0
Stolman,1,0,0,0,0,0,0
Fukuoka,0,0,0,0,0,1,0
Thet,1,0,0,0,0,0,0
Thoy,1,0,0,0,0,0,0
Oh,0,0,0,0,0,0,1
Thou,0,0,0,1,0,0,0
Keltez,1,0,0,0,0,0,0
Jia-Al,1,0,0,0,0,0,0
Nho-Thi,1,0,0,0,0,0,0
Monte-Darrell,1,0,0,0,0,0,0
Janmile,1,0,0,0,0,0,0
Mihedum,0,0,1,0,0,0,0
Algcia,0,0,0,0,1,0,0
Czhamont,1,0,0,0,0,0,0
Qin,1,0,1,0,0,0,0
Laparis,1,0,0,0,0,0,0
Chander,0,0,0,0,0,0,1
Decole,1,0,0,0,0,0,0
Diapolique,0,0,0,1,0,0,0
Samon,1,0,0,0,0,0,0
Alsahara,1,0,0,0,0,0,0
Mamolela,1,0,0,0,0,0,0
Lequita-Montae,0,0,0,1,0,0,0
Ty'Ronisha,1,0,0,0,0,0,0
Dakota,5,0,0,0,0,0,0
Jaquon,1,0,0,0,0,0,0
Lavones,0,0,0,1,0,0,0
My'Qucyca,1,0,0,0,0,0,0
Cris,0,0,0,1,0,0,0
Daniethe,1,0,0,0,0,0,0
Summers,0,0,0,0,0,1,0
Lidot,0,0,1,0,0,0,0
Jeray,1,0,0,0,0,0,0
Debreece,1,0,0,0,0,0,0
Ladao,0,0,1,0,0,0,0
Gull,1,0,0,0,0,0,0
Githara,1,0,0,0,0,0,0
San Dar,0,0,1,0,0,0,0
Colobong,1,0,0,0,0,0,0
Jeran,0,0,0,0,0,1,0
D S,1,0,0,0,0,0,0
Danie,1,0,0,0,0,0,0
Syncerety,1,0,0,0,0,0,0
Andrenai,1,0,0,0,0,0,0
Duntrae,0,0,0,1,0,0,0
Toriyan,1,0,0,0,0,0,0
Portnam,1,0,0,0,0,0,0
Semay,1,0,0,0,0,0,0
Zheng,2,0,0,0,0,0,0
Thy,0,0,0,0,0,0,1
Osarogheneme,1,0,0,0,0,0,0
Tiyona,1,0,0,0,0,0,0
Marchal,1,0,0,0,0,0,0
Marez,1,0,0,0,0,0,0
Abessinio,0,0,0,1,0,0,0
Shacer,1,0,0,0,0,0,0
Kkok,1,0,0,0,0,0,0
Abadines,1,0,0,0,0,0,0
T T,0,0,1,0,0,0,0
Antwanne,1,0,0,0,0,0,0
T Q,1,0,0,0,0,0,0
Doushoughn,1,0,0,0,0,0,0
O,26,1,5,9,5,3,2
Bagom,1,0,0,0,0,0,0
Boi,1,0,0,0,0,0,0
T D,0,0,1,0,0,0,0
Iasla,1,0,0,0,0,0,0
Ramizovna,0,0,0,0,0,1,0
Litzayda,1,0,0,0,0,0,0
Kayswan,0,0,0,1,0,0,0
Hua,4,0,4,0,0,0,0
Sanchez,1,0,0,1,0,0,0
Quiessette,0,0,0,1,0,0,0
Taylor,47,0,0,0,1,17,1
Ardeeya,1,0,0,0,0,0,0
Mikhailovna,1,0,0,0,0,0,0
Kahtel,1,0,0,0,0,0,0
Orn,0,0,1,0,0,0,0
Toyshe,1,0,0,0,0,0,0
Ponl,0,0,0,1,0,0,0
Czernin,0,0,0,0,0,0,1
Rajiene-Mary,0,0,0,1,0,0,0
Aremi,1,0,0,0,0,0,0
Pendergrass,1,0,0,0,0,0,0
Ellmia,0,0,0,1,0,0,0
Key'Myah Ray'Jean,1,0,0,0,0,0,0
Young,8,0,3,0,0,0,0
Strauss,1,0,0,0,0,0,0
Pollock,0,0,0,1,0,0,0
Qusieron,1,0,0,0,0,0,0
Q'Tica,0,0,0,1,0,0,0
Zyhier,1,0,0,0,0,0,0
Shai,1,0,0,0,0,0,0
Shan,2,0,1,0,0,0,0
Anzyelle,1,0,0,0,0,0,0
Nabo,0,0,1,0,0,0,0
Lavaske,0,0,0,1,0,0,0
Raqwaan,1,0,0,0,0,0,0
Moniglee,1,0,0,0,0,0,0
Odinakachukwu,1,0,0,0,0,0,0
Hose J,0,0,0,1,0,0,0
Shanton,0,0,0,1,0,0,0
Tyzle,1,0,0,0,0,0,0
Truc Vu,1,0,0,0,0,0,0
Lavitola,0,0,0,1,0,0,0
Marshon,1,0,0,0,0,0,0
Arboleda,1,0,0,0,0,0,0
Lerner,1,0,0,0,0,0,0
Myung,1,0,0,0,0,0,0
Maikolo,1,0,0,0,0,0,0
Alexzando,1,0,0,0,0,0,0
Teyaika,0,0,0,0,0,0,1
Royonni,1,0,0,0,0,0,0
Sterlyng,1,0,0,0,0,0,0
Jeung,1,0,0,0,0,0,0
Debrez,1,0,0,0,0,0,0
Monteac,1,0,0,0,0,0,0
Gleaneay,1,0,0,0,0,0,0
Auro,1,0,0,0,0,0,0
Quinnlalexs,1,0,0,0,0,0,0
Cassayvion Beriq,1,0,0,0,0,0,0
Shancre,0,0,0,1,0,0,0
Audrey-Angela,1,0,0,0,0,0,0
Brito,1,0,0,0,0,0,0
Gumataotao,0,0,1,0,0,0,0
Dewanya,1,0,0,0,0,0,0
Gbaryonnuh,1,0,0,0,0,0,0
Lamaal,0,0,0,1,0,0,0
Larchai,1,0,0,0,0,0,0
Dangald,1,0,0,0,0,0,0
Argell,0,0,0,0,1,0,0
Lakibul,0,0,1,0,0,0,0
Lameashia,0,0,0,1,0,0,0
Kitrell,0,0,0,1,0,0,0
Latreal,2,0,0,0,0,0,0
Andrewel,1,0,0,0,0,0,0
Tu,3,0,1,0,0,0,0
Tr,1,0,0,0,0,0,0
Orlanda,1,0,0,0,0,0,0
To,0,0,1,0,0,0,0
Wachell,0,0,0,1,0,0,0
Howerton,1,0,0,0,0,0,0
Chevone,1,0,0,0,0,0,0
Eshler,0,0,0,0,1,0,0
Ta,1,0,0,0,0,0,0
Wilkerson,1,0,0,0,0,0,0
Senoc,0,0,1,0,0,0,0
Hailie,0,0,0,0,0,1,0
Nache,1,0,0,0,0,0,0
Elfin,0,0,0,1,0,0,0
Gui,1,0,0,0,0,0,0
Man,4,0,1,0,0,0,0
Vovell,1,0,0,0,0,0,0
Yaasin,0,0,0,1,0,0,0
Tyun,1,0,0,0,0,0,0
Ramana,1,0,0,0,0,0,0
Montriek,1,0,0,0,0,0,0
Vashaun,1,0,0,0,0,0,0
Utibe,1,0,0,0,0,0,0
Marcell,2,0,0,1,0,0,0
Emanuelle,1,0,0,0,0,1,0
Cleophuse,1,0,0,0,0,0,0
Jyshaun,1,0,0,0,0,0,0
Oviante,1,0,0,0,0,0,0
Alonsoe,0,0,0,1,0,0,0
Ah,1,0,0,0,0,0,0
Ladonte,1,0,0,0,0,0,0
Dezambiaa,1,0,0,0,0,0,0
Am,0,0,0,1,0,0,0
Lashuan,0,0,0,1,0,0,0
Leandre,0,0,0,1,0,0,0
Sorbito,1,0,0,0,0,0,0
J'Kar,1,0,0,0,0,0,0
Devero,1,0,0,0,0,0,0
Xenivski,0,0,0,0,1,0,0
Helena-Andrea,1,0,0,0,0,0,0
Chanler,1,0,0,0,0,0,0
Magadia,1,0,0,0,0,0,0
Jie,1,0,0,0,0,0,0
Jin,4,0,3,0,0,0,0
Felesiana,1,0,0,0,0,0,0
Tanayaahann,1,0,0,0,0,0,0
Dayvon,0,0,0,0,0,0,1
Olisajindu,1,0,0,0,0,0,0
Sampaio,0,0,0,0,0,1,0
Alegado,1,0,0,0,0,0,0
Gin,0,0,0,0,0,1,0
Moe'Tt,1,0,0,0,0,0,0
Tahnihn,0,0,0,1,0,0,0
Dimalanta,1,0,0,0,0,0,0
Dovell,1,0,0,0,0,0,0
Jahqentst,1,0,0,0,0,0,0
Lachapell,0,0,0,1,0,0,0
Shaquole,1,0,0,0,0,0,0
Bename,0,0,0,0,0,1,0
Nou,1,0,0,0,0,0,0
Adewonuola,1,0,0,0,0,0,0
Kumma,1,0,0,0,0,0,0
Thi Truc,1,0,0,0,0,0,0
Shabahz Smith,1,0,0,0,0,0,0
Holland,1,0,0,0,0,1,0
Ar'Jue,1,0,0,0,0,0,0
Bregley,0,0,1,0,0,0,0
P,44,0,8,7,6,9,6
Michael-Lemar,1,0,0,0,0,0,0
Yuneal,0,0,0,1,0,0,0
Derri-Moore,0,0,0,1,0,0,0
Mikrez,0,0,0,1,0,0,0
Kyi,1,0,0,0,0,0,0
Pope,3,0,0,0,0,0,0
Amontrey,1,0,0,0,0,0,0
Alquiza,1,0,0,0,0,0,0
Shayon,0,0,0,1,0,0,0
Evekico,0,0,0,1,0,0,0
Erazo,1,0,0,0,0,0,0
Fanchell,1,0,0,0,0,0,0
Elijah-Wilcox,1,0,0,0,0,0,0
Blu,0,0,0,1,0,0,0
Lone,1,0,0,0,0,0,0
Raylken,1,0,0,0,0,0,0
Na'Lissa,0,0,0,1,0,0,0
Groenke,0,0,0,0,1,0,0
Chhuahi,1,0,0,0,0,0,0
Demitis,1,0,0,0,0,0,0
McCrae,2,0,0,0,0,0,0
Nimirria,1,0,0,0,0,0,0
Daeshone,1,0,0,0,0,0,0
Amake,1,0,0,0,0,0,0
Moreece,1,0,0,0,0,0,0
Yenizhae,0,0,0,1,0,0,0
Jhinia,1,0,0,0,0,0,0
Spivey,1,0,0,0,0,0,0
Linn,2,0,0,0,0,0,0
Demeke,1,0,0,0,0,0,0
Zymil,1,0,0,0,0,0,0
Swift,1,0,0,0,0,0,0
Na'Quay,1,0,0,0,0,0,0
Zha'Nese,1,0,0,0,0,0,0
Curtishe,1,0,0,0,0,0,0
Meville,1,0,0,0,0,0,0
MacKenzie-Lee,1,0,0,0,0,0,0
Dalissea,1,0,0,0,0,0,0
Armani,3,0,0,0,0,0,0
Nakaysia,0,0,0,1,0,0,0
Asimet,1,0,0,0,0,0,0
Palaeios,0,0,1,0,0,0,0
Clar,1,0,0,0,0,0,0
Deckawn,1,0,0,0,0,0,0
Lachicotte,0,0,0,0,0,1,0
Yeen,1,0,0,0,0,0,0
Abdulwah,1,0,0,0,0,0,0
Bach,0,0,0,0,1,0,0
Asontae,1,0,0,0,0,0,0
Elisha,3,0,0,0,1,0,0
Ui,2,0,0,0,0,0,0
Bekari,1,0,0,0,0,0,0
Sarvarkhan,1,0,0,0,0,0,0
Xing,1,0,0,0,0,0,0
Tylieck,1,0,0,0,0,0,0
Chamandai,1,0,0,0,0,0,0
Faran,0,0,0,1,0,0,0
Jakikyyah,0,0,0,1,0,0,0
Rahntrice,0,0,0,1,0,0,0
Uniquec,0,0,0,1,0,0,0
Clovis,0,0,0,1,0,0,0
Zyquez,0,0,0,1,0,0,0
Neriah,1,0,0,0,0,0,0
Moniee,1,0,0,0,0,0,0
Leng,1,0,0,0,0,0,0
Allyn,3,0,0,0,0,1,0
Akoi,1,0,0,0,0,0,0
Hun,0,0,1,0,0,0,0
Daeshawndria,1,0,0,0,0,0,0
Dajonathan,0,0,0,1,0,0,0
Lkaya,0,0,0,0,0,0,1
Hur,0,0,1,0,0,0,0
Beremunda,1,0,0,0,0,0,0
Fo,1,0,0,0,0,0,0
Dieudonne,0,0,0,1,0,0,0
Jahuran,1,0,0,0,0,0,0
Na'Cole,1,0,0,0,0,0,0
Zalaysiationa,1,0,0,0,0,0,0
Nacien,0,0,0,0,0,1,0
Rodontreshay,0,0,0,1,0,0,0
Ahiko,1,0,0,0,0,0,0
Lendel,1,0,0,0,0,0,0
Zemarie,1,0,0,0,0,0,0
Shanntie,1,0,0,0,0,0,0
Rodjae,1,0,0,0,0,0,0
Evenci,1,0,0,0,0,0,0
Khawm,1,0,0,0,0,0,0
Nedyhia,1,0,0,0,0,0,0
Lequan,1,0,0,0,0,0,0
Yarntielle,1,0,0,0,0,0,0
Stephane,1,0,0,0,0,0,1
Nicola,3,0,0,1,0,0,0
Juliayna,2,0,0,0,0,0,0
Hapi,1,0,0,0,0,0,0
Que-Wmanje,1,0,0,0,0,0,0
Eddings,1,0,0,0,0,0,0
Zi'Yon,2,0,0,0,0,0,0
Damontz,1,0,0,0,0,0,0
Le'Yonna,1,0,0,0,0,0,0
Milligan,1,0,0,0,0,0,0
Nakaia,1,0,0,0,0,0,0
Naziere,1,0,0,0,0,0,0
Renae-Anne,1,0,0,0,0,0,0
Taushjelle,1,0,0,0,0,0,0
Yi,3,0,2,0,0,0,0
Breon,1,0,0,0,0,0,0
Ne'Saun,1,0,0,0,0,0,0
Ye,1,0,1,0,0,0,0
Okiba,0,0,0,1,0,0,0
Zyaire,0,0,0,1,0,0,0
Dymanquie,0,0,0,1,0,0,0
McGill,1,0,0,0,0,0,0
Tyli'K,1,0,0,0,0,0,0
Dayan,2,0,0,0,0,0,0
Kairik,1,0,0,0,0,0,0
Yu,2,0,2,0,0,0,0
Turner-McClain,1,0,0,0,0,0,0
Lamarz,1,0,0,0,0,0,0
Isahg,1,0,0,0,0,0,0
Miqual,1,0,0,0,0,0,0
Cristoiya,1,0,0,0,0,0,0
Q,13,0,1,2,0,0,3
Lamari,1,0,0,0,0,0,0
Mizraim,1,0,0,0,0,0,0
Reyn,1,0,0,0,0,0,0
Ong,0,0,0,0,0,0,1
Reisinger,1,0,0,0,0,0,0
Viju,0,0,1,0,0,0,0
Kaymai,0,0,0,0,1,0,0
Mainulet,1,0,0,0,0,0,0
Deniz,1,0,0,0,0,0,0
Suttaun,1,0,0,0,0,0,0
Gonzalez,1,0,0,0,2,0,0
Wwwb,0,0,0,1,0,0,0
Elekwachi,1,0,0,0,0,0,0
Aye,0,0,1,0,0,0,0
Or'Lexus,0,0,0,1,0,0,0
Qwejhon,0,0,0,1,0,0,0
Smith,2,0,0,0,0,0,0
Cardinez,0,0,1,0,0,0,0
Eshawn,0,0,0,1,0,0,0
Dahmitra,0,0,0,0,0,0,1
Keonta,1,0,0,0,0,0,0
Neyika,0,0,0,1,0,0,0
Bird,0,0,0,0,0,1,0
Ja'Kweda,1,0,0,0,0,0,0
Alecxxis,0,0,0,1,0,0,0
Knalifaln,1,0,0,0,0,0,0
Dilipkuman,0,0,1,0,0,0,0
Shayne,1,0,0,0,0,2,0
Qushea,1,0,0,0,0,0,0
Montalius,1,0,0,0,0,0,0
Beienetch,1,0,0,0,0,0,0
Lernardia,0,0,0,1,0,0,0
Claudeah Sha'Ritta,1,0,0,0,0,0,0
Quinntoay,1,0,0,0,0,0,0
Lebrans,1,0,0,0,0,0,0
Samentrio,0,0,0,1,0,0,0
Rozell,0,0,0,1,0,0,0
Xuan-Trang,1,0,0,0,0,0,0
Styvem,0,0,0,1,0,0,0
Sukmawati,1,0,0,0,0,0,0
Cat,1,0,0,0,0,0,0
Latique,1,0,0,0,0,0,0
Payan,0,0,0,0,1,0,0
Ayscue,1,0,0,0,0,0,0
Ameyah,1,0,0,0,0,0,0
Deavian,1,0,0,0,0,0,0
Wynnatte,0,0,0,1,0,0,0
Najel,1,0,0,0,0,0,0
Mitofley,0,0,0,1,0,0,0
Sai,2,0,1,0,0,0,0
Jronay,1,0,0,0,0,0,0
San,2,0,1,0,0,0,0
De Las M,0,0,0,0,1,0,0
Gillelan,1,0,0,0,0,0,0
Goldmoni,0,0,0,1,0,0,0
Lachennette,1,0,0,0,0,0,0
Taz'Won,1,0,0,0,0,0,0
Amesin,1,0,0,0,0,0,0
Samo'N,0,0,0,1,0,0,0
Tajay,1,0,0,0,0,0,0
Freedle,1,0,0,0,0,0,0
Santelle,1,0,0,0,0,0,0
Yasim,1,0,0,0,0,0,0
Gianini,1,0,0,0,0,0,0
Deok,1,0,0,0,0,0,0
Mary-Jenee,1,0,0,0,0,0,0
Amoni J,0,0,0,1,0,0,0
Fidelis,0,0,0,1,0,0,0
Astrene,1,0,0,0,0,0,0
Aaliyah-Denayia,1,0,0,0,0,0,0
Dyshon,0,0,0,1,0,0,0
Aubry,0,0,0,0,0,1,0
Z N,1,0,0,0,0,0,0
Shaundell,1,0,0,0,0,0,0
Tui,0,0,0,0,0,0,1
Ching,6,0,1,0,0,0,0
Zahaun,1,0,0,0,0,0,0
Sehumprias,1,0,0,0,0,0,0
Yusiasy,1,0,0,0,0,0,0
Pastell,1,0,0,0,0,0,0
Shortein,0,0,1,0,0,0,0
Keyroilya,1,0,0,0,0,0,0
Wal-Iklaam,1,0,0,0,0,0,0
Raheein,0,0,0,1,0,0,0
Yazzmean,1,0,0,0,0,0,0
Muragema,0,0,1,0,0,0,0
Quadaejah,1,0,0,0,0,0,0
Yenthi,1,0,1,0,0,0,0
Bobadilla,1,0,0,0,0,0,0
Correll,0,0,0,1,0,0,0
Jacquis,0,0,0,1,0,0,0
Dizas,1,0,0,0,0,0,0
Kamari,2,0,0,0,0,0,0
Annicker,0,0,0,1,0,0,0
Jaakris,1,0,0,0,0,0,0
Divine,4,0,0,0,0,0,0
Sinjh,0,0,1,0,0,0,0
Nyakundi,1,0,0,0,0,0,0
Alontai,1,0,0,0,0,0,0
A'Olani,1,0,0,0,0,0,0
Aurion,1,0,0,0,0,0,0
Kamrine,1,0,0,0,0,0,0
Tamel,0,0,0,1,0,0,0
Elizabeth-Dawn,1,0,0,0,0,0,0
Eujoskia,1,0,0,0,0,0,0
Ozdemirhan,1,0,0,0,0,0,0
Figueiredo,0,0,0,0,0,0,1
Bala,1,0,0,0,0,0,0
Dottburrah,0,0,0,1,0,0,0
Darelle,1,0,0,0,0,0,0
Hines,0,0,0,0,0,1,0
Suegeily,1,0,0,0,0,0,0
Nylek,0,0,0,1,0,0,0
Abordo,1,0,0,0,0,0,0
Tien,1,0,0,0,0,0,0
Ziere,1,0,0,0,0,0,0
Laquon,1,0,0,0,0,0,0
Lordeus,0,0,0,1,0,0,0
Nichard,0,0,0,1,0,0,0
Pirhya,0,0,0,0,0,1,0
Kimanie,0,0,0,1,0,0,0
Ramgll,1,0,0,0,0,0,0
Asvatovich,0,0,0,0,0,1,0
Jazzmanyele,0,0,0,1,0,0,0
Pasaporte,1,0,0,0,0,0,0
Matanagh,1,0,0,0,0,0,0
Asiayonna,1,0,0,0,0,0,0
Qing,0,0,1,0,0,0,0
Success,0,0,0,1,0,0,0
Ki,2,0,0,0,0,0,0
Ko,1,0,0,0,0,0,0
Zahiem,0,0,0,1,0,0,0
Rnonia,1,0,0,0,0,0,0
R,109,1,6,45,13,28,18
Ra'Von,0,0,0,1,0,0,0
Ku,0,0,1,0,0,0,0
Latrell O O,1,0,0,0,0,0,0
Joluette,0,0,0,1,0,0,0
Sorieya,1,0,0,0,0,0,0
Dessalery,1,0,0,0,0,0,0
Najai,1,0,0,0,0,0,0
Keyshawn,2,0,0,1,0,0,0
Skylor,1,0,0,0,0,0,0
Zaire,3,0,0,0,0,0,0
D'Zhae,1,0,0,0,0,0,0
Loden,1,0,0,0,0,0,0
Chellquanai,1,0,0,0,0,0,0
Comeiria,0,0,0,1,0,0,0
Kimini,1,0,0,0,0,0,0
Kyre,0,0,0,0,0,1,0
Whisnant,1,0,0,0,0,0,0
Ashmee,0,0,1,0,0,0,0
Ardaisja,1,0,0,0,0,0,0
Zorelix,1,0,0,0,0,0,0
Pan,1,0,0,0,0,0,0
Pao,1,0,0,0,0,0,0
Patterson,2,0,0,0,0,0,0
Novairo,0,0,0,0,1,0,0
Stefann,1,0,0,0,0,0,0
Malingose,0,0,0,1,0,0,0
Bernaldez,0,0,1,0,0,0,0
Shantic,1,0,0,0,0,0,0
Shameil,1,0,0,0,0,0,0
Ke'Shon,1,0,0,0,0,0,0
Ovanices,0,0,0,1,0,0,0
Da'Nice,0,0,0,1,0,0,0
Jazmique,1,0,0,0,0,0,0
Chris-Patrick,1,0,0,0,0,0,0
Shaharoldlyn,0,0,0,0,0,0,1
Rhease,1,0,0,0,0,0,0
Gontero,1,0,0,0,0,0,0
Lakmanthi,0,0,1,0,0,0,0
Omaritza,0,0,0,0,1,0,0
Woir,1,0,0,0,0,0,0
Shymick,1,0,0,0,0,0,0
Lamorshe,0,0,0,1,0,0,0
Arabiana,1,0,0,0,0,0,0
Kahambu,1,0,0,0,0,0,0
Kalan,1,0,0,0,0,0,0
Dhy Nasia-Imani,1,0,0,0,0,0,0
Paris,2,0,0,0,0,0,0
Keawannie,0,0,0,1,0,0,0
Waas,1,0,0,0,0,0,0
Waar,1,0,0,0,0,0,0
Micynda,0,0,0,1,0,0,0
Masiah,1,0,0,0,0,0,0
Yudysunjah,0,0,1,0,0,0,0
Elhadiali,0,0,0,1,0,0,0
Daeshairee,1,0,0,0,0,0,0
Kelyss,1,0,0,0,0,0,0
Delonra,1,0,0,0,0,0,0
Aswazhane,1,0,0,0,0,0,0
Mueak,1,0,0,0,0,0,0
Kaur,32,0,8,0,0,0,0
Hemidson,0,0,0,1,0,0,0
Aromea,1,0,0,0,0,0,0
L M,0,1,0,0,0,0,0
O'Sullivan,1,0,0,0,0,0,0
Rashawn,7,0,0,1,0,0,0
Moc,1,0,1,0,0,0,0
Alexander-Lee,1,0,0,0,0,0,0
Nala-Dyznee,1,0,0,0,0,0,0
Cabalquinto,1,0,0,0,0,0,0
Kandriez,1,0,0,0,0,0,0
Ayesr,1,0,0,0,0,0,0
Slender,0,0,0,0,1,0,0
Lillnet,1,0,0,0,0,0,0
Keel,1,0,0,0,0,0,0
Leonta,1,0,0,0,0,0,0
Blevins,1,0,0,0,0,0,0
River,2,0,0,0,0,0,0
Ngeloh,1,0,0,0,0,0,0
Celidey,1,0,0,0,0,0,0
Jan,2,0,0,0,0,1,0
Soto,0,0,0,0,1,0,0
Cabangil,1,0,0,0,0,0,0
Fanace,1,0,0,0,0,0,0
Devine,2,1,0,0,0,0,1
Kabby,0,0,0,0,1,0,0
Yuryevna,1,0,0,0,0,0,0
Camden,1,0,0,0,0,0,0
Alcarexanlinder,1,0,0,0,0,0,0
Niykuona,0,0,0,1,0,0,0
Teylin,1,0,0,0,0,0,0
Cappo,1,0,0,0,0,0,0
Pu,1,0,0,0,0,0,0
Ingle,1,0,0,0,0,0,0
Arel,1,0,0,0,0,0,0
Ezion,1,0,0,0,0,0,0
Malgapo,1,0,0,0,0,0,0
Chaquan L,0,0,0,1,0,0,0
Tyquese,1,0,0,0,0,0,0
Ongias,1,0,0,0,0,0,0
Groenendaal,1,0,0,0,0,0,0
Alidandra,1,0,0,0,0,0,0
Kensan,1,0,0,0,0,0,0
Nmn,1,0,0,0,0,0,0
Qunesky,0,0,0,0,1,0,0
Torreblanca,2,0,0,0,0,0,0
Rosairo,1,0,0,0,0,0,0
Jaylon,1,0,0,0,0,0,0
Kymeik,0,0,0,1,0,0,0
She'Leece,1,0,0,0,0,0,0
Isaiha,1,0,0,0,0,0,0
S,141,2,20,57,10,22,20
Joy-Temilao,0,0,0,1,0,0,0
Chu Thi,1,0,0,0,0,0,0
Jawan,0,0,0,1,0,0,0
Genis,0,0,0,0,1,0,0
Epratah,1,0,0,0,0,0,0
Hyub,1,0,0,0,0,0,0
Leefonteze,1,0,0,0,0,0,0
Hyun,4,0,0,0,0,0,0
E'Lawn,0,0,0,1,0,0,0
Woods,1,0,0,0,0,0,0
Deyore,1,0,0,0,0,0,0
Kiritrumar,1,0,0,0,0,0,0
Norrey,1,0,0,0,0,0,0
Her,1,0,0,0,0,0,0
Xavizer,1,0,0,0,0,0,0
Loo,1,0,0,0,0,0,0
Lor,1,0,0,0,0,0,0
Hee,11,0,2,0,0,0,0
Shukuri,1,0,0,0,0,0,0
Yllermen,1,0,0,0,0,0,0
Remedio,0,0,1,0,0,0,0
Hen,1,0,0,0,0,0,0
Tashiean,1,0,0,0,0,0,0
Morquise,1,0,0,0,0,0,0
Sisk,1,0,0,0,0,0,0
Cruz,0,0,1,0,0,0,0
Reigh,0,0,0,0,0,1,0
Hoa,0,0,1,0,0,0,0
Laqay,1,0,0,0,0,0,0
Markines,0,0,1,0,0,0,0
Mendez,1,0,0,0,0,0,0
Gepigon,0,0,1,0,0,0,0
Ishinah,1,0,0,0,0,0,0
Pelara,1,0,0,0,0,0,0
Saynovbia,1,0,0,0,0,0,0
Quinceyh,1,0,0,0,0,0,0
Tynell,1,0,0,0,0,0,0
Fiel,0,0,0,0,0,1,0
P J,0,0,0,0,1,0,0
Le-Quay,1,0,0,0,0,0,0
Centel,1,0,0,0,0,0,0
Dhamy,1,0,0,0,0,0,0
Yong,3,0,1,0,0,0,0
Xuan,6,0,3,0,0,0,0
Martinez,2,0,0,0,2,0,1
Jawon,0,0,0,1,0,0,0
Ying,7,0,1,0,0,0,0
Yon,1,0,1,0,0,0,0
Yol,0,0,1,0,0,0,0
Agbaegbe,1,0,0,0,0,0,0
Yee,2,0,1,0,0,0,0
Re'Shon,0,0,0,1,0,0,0
Gooch,1,0,0,0,0,0,0
Yrselio,0,0,0,0,1,0,0
Feliz-Nicole,1,0,0,0,0,0,0
Madrell,1,0,0,0,0,0,0
Kaleiiolani,1,0,0,0,0,0,0
Honeycutt,1,0,0,0,0,0,0
La'Shawn'Da,1,0,0,0,0,0,0
Dekwona,1,0,0,0,0,0,0
Igmeel,1,0,0,0,0,0,0
Adwolih,0,0,0,1,0,0,0
Shatique,1,0,0,0,0,0,0
Beam,1,0,0,0,0,0,0
Shabazz,1,0,0,0,0,0,0
Donszell,0,0,0,1,0,0,0
Jakai,1,0,0,0,0,0,0
Dezmoniq,1,0,0,0,0,0,0
Testaldet,1,0,0,0,0,0,0
Punzalan,1,0,0,0,0,0,0
Demetris,1,0,0,0,0,0,0
Dalton-Mikael,1,0,0,0,0,0,0
Samajay,0,0,0,1,0,0,0
Danne,1,0,0,0,0,0,0
Chibou,1,0,0,0,0,0,0
Nyamadon,0,0,0,1,0,0,0
Monsiel,1,0,0,0,0,0,0
Sha-Rel,1,0,0,0,0,0,0
McFadyen,1,0,0,0,0,0,0
Stekev'Yah,1,0,0,0,0,0,0
Tovoild,1,0,0,0,0,0,0
Chrischard,0,0,0,1,0,0,0
Saliendra,1,0,0,0,0,0,0
Jeleri,0,0,0,1,0,0,0
I'Yuanna,1,0,0,0,0,0,0
Cam,1,0,2,0,0,0,0
Tarampi,1,0,0,0,0,0,0
Duc-Nhat,1,0,0,0,0,0,0
Ayers,0,0,0,0,0,1,0
Xhyquayvious,1,0,0,0,0,0,0
Laquid,0,0,0,1,0,0,0
Alazna,1,0,0,0,0,0,0
Sadarangani,1,0,0,0,0,0,0
Devante,3,0,0,2,0,0,0
Wai,1,0,0,0,0,0,0
Cynthia-Linda,0,0,0,1,0,0,0
Bo,1,0,0,0,0,0,0
Bu,0,0,1,0,0,0,0
Axelitta,1,0,0,0,0,0,0
Fai,0,0,1,0,0,0,0
Buerette,1,0,0,0,0,0,0
Gabryel,0,0,1,0,0,0,0
Wouters,1,0,0,0,0,0,0
Montique,3,0,0,0,0,0,0
Krisshe-Amari,1,0,0,0,0,0,0
Brie'Ann,1,0,0,0,0,0,0
Shytriona,1,0,0,0,0,0,0
Arsaga,0,0,1,0,0,0,0
De Sousa,0,0,0,0,0,1,0
Pleet,1,0,0,0,0,0,0
T,110,0,29,39,6,5,14
Tyore,1,0,0,0,0,0,0
Gabi,1,0,0,0,0,0,0
Lue'Trell,1,0,0,0,0,0,0
Ka'Leon,1,0,0,0,0,0,0
Vongkhoun,1,0,0,0,0,0,0
Tityania,0,0,0,1,0,0,0
Paris Questinity,1,0,0,0,0,0,0
Mikayh,1,0,0,0,0,0,0
Scarles,1,0,0,0,0,0,0
Wy'Teem,0,0,0,1,0,0,0
Markie,0,0,0,1,0,0,0
Geovonnie,0,0,0,0,1,0,0
Kanolov,1,0,0,0,0,0,0
Drekuan,1,0,0,0,0,0,0
Arnez,1,0,0,0,0,0,0
Renietah,1,0,0,0,0,0,0
Khen,1,0,0,0,0,0,0
Kaylil-Chareese,1,0,0,0,0,0,0
Sup,1,0,0,0,0,0,0
Matad,1,0,0,0,0,0,0
Jontae,3,0,0,1,0,0,0
H-O,0,0,1,0,0,0,0
Da-Qual,1,0,0,0,0,0,0
Jolize,1,0,0,0,0,0,0
Montana,1,0,0,0,1,0,0
Morain,1,0,0,0,0,0,0
Laamos,0,0,0,1,0,0,0
Samberg,1,0,0,0,0,0,0
Xingbe,0,0,0,0,0,0,1
Ladale,1,0,0,0,0,0,0
Fre'Shonnie,1,0,0,0,0,0,0
Ul,1,0,1,1,0,0,0
Latrell,6,0,0,0,0,0,0
Eriel,1,0,0,0,0,0,0
Keyara-Elizabeth,0,0,0,1,0,0,0
Slyvera,1,0,0,0,0,0,0
Antrine,0,0,0,1,0,0,0
Lenair,0,0,0,1,0,0,0
Zsatiqua,1,0,0,0,0,0,0
Jayd,1,0,0,0,0,0,0
Ladell,2,0,0,0,0,0,0
Hmaya,0,0,0,1,0,0,0
Thuong,2,0,0,0,0,0,0
Lyshawn,1,0,0,0,0,0,0
Touze,1,0,0,0,0,0,0
Reashawn,1,0,0,0,0,0,0
Alamillo,1,0,0,0,0,0,0
Candoso,1,0,0,0,0,0,0
Morgan,31,0,0,3,0,6,1
Jaquay,1,0,0,0,0,0,0
Shereten,1,0,0,0,0,0,0
Franess,0,0,0,1,0,0,0
Yuensuk,1,0,0,0,0,0,0
Arlondre,1,0,0,0,0,0,0
Ketcheilla,0,0,0,1,0,0,0
Jaquai,1,0,0,0,0,0,0
Ribeiro,1,0,0,0,0,0,0
Jayaya,1,0,0,0,0,0,0
Von'Shea,0,0,0,0,0,0,1
Ugiagbe,0,0,0,0,0,0,1
Montrez,3,0,0,2,0,0,0
Yoon,0,0,1,0,0,0,0
Vanwagenen,1,0,0,0,0,0,0
Zhang,1,0,0,0,0,0,0
Mugeil,1,0,0,0,0,0,0
Nentchov,0,0,0,0,0,1,0
Muderhwa,1,0,0,0,0,0,0
Jahviaire,1,0,0,0,0,0,0
Srithirath,1,0,0,0,0,0,0
Elijwuhan,1,0,0,0,0,0,0
Kenaron,0,0,0,1,0,0,0
Mangovo,0,0,0,1,0,0,0
Devan,1,0,0,0,0,0,0
Taziya,1,0,0,0,0,0,0
Le'Twon,0,0,0,1,0,0,0
Manherlal,1,0,0,0,0,0,0
Corduro,1,0,0,0,0,0,0
Deu,1,0,0,0,0,0,0
Taiwo,1,0,0,0,0,0,0
Pham,0,0,3,0,0,0,0
A'Morea,1,0,0,0,0,0,0
Cassidy,2,0,0,0,0,2,0
Tayhson,1,0,0,0,0,0,0
Jahmertius,1,0,0,0,0,0,0
Za MacOi,1,0,0,0,0,0,0
Samone-Olivia,1,0,0,0,0,0,0
Gold,0,0,0,0,0,0,1
Dashawn,3,0,0,0,0,0,0
Ja'Liah,0,0,0,1,0,0,0
Laren,1,0,0,0,0,0,0
Raebadulla,0,0,1,0,0,0,0
Nyzhere,1,0,0,0,0,0,0
Irase,1,0,0,0,0,0,0
Na'Syah,1,0,0,0,0,0,0
Lekease,1,0,0,0,0,0,0
Kazemir,1,0,0,0,0,0,0
Nath,1,0,0,0,0,0,0
Jozae,1,0,0,0,0,0,0
Vindana Anurudda,1,0,0,0,0,0,0
Sybrika,1,0,0,0,0,0,0
Joseyiah,1,0,0,0,0,0,0
Ne'Chole,1,0,0,0,0,0,0
Niseen,1,0,0,0,0,0,0
Chai,0,0,0,0,0,1,0
Ubanga,0,0,0,1,0,0,0
Brittian,1,0,0,0,0,0,0
Harsahn,1,0,0,0,0,0,0
Marchel,1,0,0,0,0,0,0
Mashimc,1,0,0,0,0,0,0
Lakenzie,1,0,0,0,0,0,0
Pillay,1,0,0,0,0,0,0
Sergeevna,1,0,0,0,0,0,0
Wan,1,0,0,0,0,0,0
Vaniath,1,0,0,0,0,0,0
Mouine,1,0,0,0,0,0,0
Co'Chele,0,0,0,1,0,0,0
Anyramonae,1,0,0,0,0,0,0
U,6,0,0,1,0,0,0
Praise,0,0,0,1,0,0,0
Zuahir,1,0,0,0,0,0,0
Quinones,1,0,0,0,0,0,0
Budinova,1,0,0,0,0,0,0
Ajene,1,0,0,1,0,0,0
Niymere,1,0,0,0,0,0,0
Teshavahn,1,0,0,0,0,0,0
Belachen,1,0,0,0,0,0,0
